curve_index,y,x,diameter_px,ref_diameter_px,percent_diameter_stenosis,diameter_mm,ref_diameter_mm
0,7,139,2.0,7.211102550927978,72.26499022720007,0.44,1.5864425612041553
1,7,140,2.8284271247461903,7.211102550927978,60.77677302675602,0.6222539674441618,1.5864425612041553
2,7,141,4.0,7.211102550927978,44.52998045440017,0.88,1.5864425612041553
3,8,142,4.47213595499958,7.211102550927978,37.98263279139839,0.9838699100999075,1.5864425612041553
4,8,143,5.656854249492381,7.211102550927978,21.55354605351204,1.2445079348883237,1.5864425612041553
5,9,144,5.656854249492381,7.211102550927978,21.55354605351204,1.2445079348883237,1.5864425612041553
6,10,144,5.656854249492381,7.211102550927978,21.55354605351204,1.2445079348883237,1.5864425612041553
7,11,145,5.656854249492381,7.211102550927978,21.55354605351204,1.2445079348883237,1.5864425612041553
8,12,146,5.656854249492381,7.211102550927978,21.55354605351204,1.2445079348883237,1.5864425612041553
9,13,146,6.324555320336759,7.211102550927978,12.294198190923133,1.391402170474087,1.5864425612041553
10,14,147,5.656854249492381,7.211102550927978,21.55354605351204,1.2445079348883237,1.5864425612041553
11,15,147,6.324555320336759,7.211102550927978,12.294198190923133,1.391402170474087,1.5864425612041553
12,16,148,7.211102550927978,7.211102550927978,1.3867504922160379e-07,1.5864425612041553,1.5864425612041553
13,17,149,6.324555320336759,7.211102550927978,12.294198190923133,1.391402170474087,1.5864425612041553
14,18,149,5.656854249492381,7.211102550927978,21.55354605351204,1.2445079348883237,1.5864425612041553
15,19,150,6.324555320336759,7.211102550927978,12.294198190923133,1.391402170474087,1.5864425612041553
16,20,151,7.211102550927978,7.211102550927978,1.3867504922160379e-07,1.5864425612041553,1.5864425612041553
17,21,152,7.211102550927978,7.211102550927978,1.3867504922160379e-07,1.5864425612041553,1.5864425612041553
18,22,153,6.324555320336759,7.211102550927978,12.294198190923133,1.391402170474087,1.5864425612041553
19,23,153,6.324555320336759,7.211102550927978,12.294198190923133,1.391402170474087,1.5864425612041553
20,24,154,7.211102550927978,7.211102550927978,1.3867504922160379e-07,1.5864425612041553,1.5864425612041553
21,25,155,7.211102550927978,7.211102550927978,1.3867504922160379e-07,1.5864425612041553,1.5864425612041553
22,26,156,7.211102550927978,7.211102550927978,1.3867504922160379e-07,1.5864425612041553,1.5864425612041553
23,27,157,6.324555320336759,7.211102550927978,12.294198190923133,1.391402170474087,1.5864425612041553
24,28,158,5.656854249492381,7.211102550927978,21.55354605351204,1.2445079348883237,1.5864425612041553
25,29,159,5.656854249492381,7.211102550927978,21.55354605351204,1.2445079348883237,1.5864425612041553
26,30,159,6.324555320336759,7.211102550927978,12.294198190923133,1.391402170474087,1.5864425612041553
27,31,160,7.211102550927978,7.211102550927978,1.3867504922160379e-07,1.5864425612041553,1.5864425612041553
28,32,161,7.211102550927978,7.211102550927978,1.3867504922160379e-07,1.5864425612041553,1.5864425612041553
29,33,162,7.211102550927978,7.211102550927978,1.3867504922160379e-07,1.5864425612041553,1.5864425612041553
30,34,163,7.211102550927978,7.211102550927978,1.3867504922160379e-07,1.5864425612041553,1.5864425612041553
31,35,164,7.211102550927978,7.211102550927978,1.3867504922160379e-07,1.5864425612041553,1.5864425612041553
32,36,165,7.211102550927978,7.211102550927978,1.3867504922160379e-07,1.5864425612041553,1.5864425612041553
33,37,166,7.211102550927978,7.211102550927978,1.3867504922160379e-07,1.5864425612041553,1.5864425612041553
34,38,167,7.211102550927978,7.211102550927978,1.3867504922160379e-07,1.5864425612041553,1.5864425612041553
35,39,168,7.211102550927978,7.211102550927978,1.3867504922160379e-07,1.5864425612041553,1.5864425612041553
36,40,168,7.211102550927978,7.211102550927978,1.3867504922160379e-07,1.5864425612041553,1.5864425612041553
37,41,169,7.211102550927978,7.211102550927978,1.3867504922160379e-07,1.5864425612041553,1.5864425612041553
38,42,170,7.211102550927978,7.211102550927978,1.3867504922160379e-07,1.5864425612041553,1.5864425612041553
39,43,171,7.211102550927978,7.211102550927978,1.3867504922160379e-07,1.5864425612041553,1.5864425612041553
40,44,172,7.211102550927978,7.211102550927978,1.3867504922160379e-07,1.5864425612041553,1.5864425612041553
41,45,173,7.211102550927978,7.211102550927978,1.3867504922160379e-07,1.5864425612041553,1.5864425612041553
42,44,195,2.0,7.211102550927978,72.26499022720007,0.44,1.5864425612041553
43,46,174,7.211102550927978,7.211102550927978,1.3867504922160379e-07,1.5864425612041553,1.5864425612041553
44,45,195,2.8284271247461903,7.211102550927978,60.77677302675602,0.6222539674441618,1.5864425612041553
45,47,175,8.246211251235321,7.211102550927978,-14.354374820792138,1.8141664752717708,1.5864425612041553
46,46,195,4.0,7.211102550927978,44.52998045440017,0.88,1.5864425612041553
47,48,176,8.48528137423857,7.211102550927978,-17.669680919731935,1.8667619023324853,1.5864425612041553
48,47,195,4.0,7.211102550927978,44.52998045440017,0.88,1.5864425612041553
49,49,177,8.48528137423857,7.211102550927978,-17.669680919731935,1.8667619023324853,1.5864425612041553
50,48,196,4.0,7.211102550927978,44.52998045440017,0.88,1.5864425612041553
51,50,178,8.48528137423857,7.211102550927978,-17.669680919731935,1.8667619023324853,1.5864425612041553
52,49,195,4.0,7.211102550927978,44.52998045440017,0.88,1.5864425612041553
53,51,179,8.48528137423857,7.211102550927978,-17.669680919731935,1.8667619023324853,1.5864425612041553
54,50,195,4.0,7.211102550927978,44.52998045440017,0.88,1.5864425612041553
55,52,180,8.48528137423857,7.728656901081649,-9.789857045821805,1.8667619023324853,1.7003045182379628
56,51,195,4.0,7.625146031050914,47.54198833090532,0.88,1.6775321268312011
57,53,180,8.94427190999916,8.317932288136296,-7.529991702423433,1.967739820199815,1.8299451033899852
58,52,195,4.0,8.294025275835972,51.77251259613406,0.88,1.8246855606839139
59,54,181,8.94427190999916,8.48528137423857,-5.409255214719977,1.967739820199815,1.8667619023324853
60,53,195,4.47213595499958,8.48528137423857,47.29537239264001,0.9838699100999075,1.8667619023324853
61,55,181,8.246211251235321,8.461374361938244,2.5428861937193292,1.8141664752717708,1.8615023596264137
62,55,182,8.0,8.43746734963792,5.18481839385384,1.76,1.8562428169203424
63,55,183,7.211102550927978,8.413560337337596,14.291901962646847,1.5864425612041553,1.8509832742142713
64,54,195,5.656854249492381,8.389653325037271,32.573444651545316,1.2445079348883237,1.8457237315081996
65,56,180,6.324555320336759,8.365746312736945,24.399389171681086,1.391402170474087,1.840464188802128
66,55,195,6.324555320336759,8.34183930043662,24.182724157440937,1.391402170474087,1.8352046460960563
67,56,184,7.211102550927978,8.317932288136296,13.306549122265798,1.5864425612041553,1.8299451033899852
68,57,180,5.656854249492381,8.294025275835972,31.79603323427518,1.2445079348883237,1.8246855606839139
69,56,195,6.324555320336759,8.270118263535647,23.52521316925641,1.391402170474087,1.8194260179778423
70,57,185,6.324555320336759,8.246211251235321,23.303501208271125,1.391402170474087,1.8141664752717708
71,57,186,7.211102550927978,8.246211251235321,12.552536886525022,1.5864425612041553,1.8141664752717708
72,58,179,4.0,8.246211251235321,51.49287505155694,0.88,1.8141664752717708
73,57,194,7.211102550927978,8.246211251235321,12.552536886525022,1.5864425612041553,1.8141664752717708
74,58,187,6.324555320336759,8.246211251235321,23.303501208271125,1.391402170474087,1.8141664752717708
75,58,188,7.211102550927978,8.246211251235321,12.552536886525022,1.5864425612041553,1.8141664752717708
76,59,179,2.8284271247461903,8.246211251235321,65.70028301309276,0.6222539674441618,1.8141664752717708
77,58,193,8.246211251235321,8.246211251235321,1.2126781800958497e-07,1.8141664752717708,1.8141664752717708
78,59,189,7.211102550927978,8.246211251235321,12.552536886525022,1.5864425612041553,1.8141664752717708
79,60,178,2.8284271247461903,8.246211251235321,65.70028301309276,0.6222539674441618,1.8141664752717708
80,59,190,8.0,8.246211251235321,2.9857501031138822,1.76,1.8141664752717708
81,59,193,10.0,8.270118263535648,-20.9172549804997,2.2,1.8194260179778428
82,61,178,2.8284271247461903,8.270118263535648,65.79943561633033,0.6222539674441618,1.8194260179778428
83,60,191,8.48528137423857,8.48528137423857,1.1785113995799179e-07,1.8667619023324853,1.8667619023324853
84,60,192,10.0,8.48528137423857,-17.851130058869025,2.2,1.8667619023324853
85,62,178,2.0,8.48528137423857,76.42977398822619,0.44,1.8667619023324853
86,61,193,10.0,8.48528137423857,-17.851130058869025,2.2,1.8667619023324853
87,62,194,8.94427190999916,8.48528137423857,-5.409255214719977,1.967739820199815,1.8667619023324853
88,63,195,8.246211251235321,8.48528137423857,2.817468533775702,1.8141664752717708,1.8667619023324853
89,64,196,7.211102550927978,8.48528137423857,15.016341540274459,1.5864425612041553,1.8667619023324853
90,65,197,7.211102550927978,8.48528137423857,15.016341540274459,1.5864425612041553,1.8667619023324853
91,66,198,7.211102550927978,8.48528137423857,15.016341540274459,1.5864425612041553,1.8667619023324853
92,67,199,7.211102550927978,8.48528137423857,15.016341540274459,1.5864425612041553,1.8667619023324853
93,68,200,7.211102550927978,8.48528137423857,15.016341540274459,1.5864425612041553,1.8667619023324853
94,68,201,6.324555320336759,8.48528137423857,25.464400837848057,1.391402170474087,1.8667619023324853
95,69,202,7.211102550927978,8.48528137423857,15.016341540274459,1.5864425612041553,1.8667619023324853
96,70,203,6.324555320336759,8.48528137423857,25.464400837848057,1.391402170474087,1.8667619023324853
97,70,204,7.211102550927978,8.48528137423857,15.016341540274459,1.5864425612041553,1.8667619023324853
98,71,205,7.211102550927978,8.48528137423857,15.016341540274459,1.5864425612041553,1.8667619023324853
99,72,206,7.211102550927978,8.48528137423857,15.016341540274459,1.5864425612041553,1.8667619023324853
100,73,207,7.211102550927978,8.48528137423857,15.016341540274459,1.5864425612041553,1.8667619023324853
101,74,208,7.211102550927978,8.48528137423857,15.016341540274459,1.5864425612041553,1.8667619023324853
102,75,209,7.211102550927978,8.48528137423857,15.016341540274459,1.5864425612041553,1.8667619023324853
103,76,210,7.211102550927978,8.48528137423857,15.016341540274459,1.5864425612041553,1.8667619023324853
104,77,211,7.211102550927978,8.48528137423857,15.016341540274459,1.5864425612041553,1.8667619023324853
105,78,212,7.211102550927978,8.48528137423857,15.016341540274459,1.5864425612041553,1.8667619023324853
106,79,213,7.211102550927978,8.48528137423857,15.016341540274459,1.5864425612041553,1.8667619023324853
107,80,214,7.211102550927978,8.48528137423857,15.016341540274459,1.5864425612041553,1.8667619023324853
108,81,215,7.211102550927978,8.48528137423857,15.016341540274459,1.5864425612041553,1.8667619023324853
109,82,215,7.211102550927978,8.48528137423857,15.016341540274459,1.5864425612041553,1.8667619023324853
110,83,216,7.211102550927978,8.48528137423857,15.016341540274459,1.5864425612041553,1.8667619023324853
111,84,217,7.211102550927978,8.48528137423857,15.016341540274459,1.5864425612041553,1.8667619023324853
112,85,217,8.246211251235321,8.48528137423857,2.817468533775702,1.8141664752717708,1.8667619023324853
113,86,217,7.211102550927978,8.48528137423857,15.016341540274459,1.5864425612041553,1.8667619023324853
114,87,218,7.211102550927978,8.48528137423857,15.016341540274459,1.5864425612041553,1.8667619023324853
115,88,219,7.211102550927978,8.48528137423857,15.016341540274459,1.5864425612041553,1.8667619023324853
116,89,220,6.324555320336759,8.48528137423857,25.464400837848057,1.391402170474087,1.8667619023324853
117,90,220,7.211102550927978,8.48528137423857,15.016341540274459,1.5864425612041553,1.8667619023324853
118,91,220,6.324555320336759,8.48528137423857,25.464400837848057,1.391402170474087,1.8667619023324853
119,92,221,7.211102550927978,8.48528137423857,15.016341540274459,1.5864425612041553,1.8667619023324853
120,93,221,6.324555320336759,8.48528137423857,25.464400837848057,1.391402170474087,1.8667619023324853
121,94,222,7.211102550927978,8.48528137423857,15.016341540274459,1.5864425612041553,1.8667619023324853
122,95,222,7.211102550927978,8.48528137423857,15.016341540274459,1.5864425612041553,1.8667619023324853
123,96,223,7.211102550927978,8.48528137423857,15.016341540274459,1.5864425612041553,1.8667619023324853
124,97,223,8.0,8.48528137423857,5.719095952904773,1.76,1.8667619023324853
125,98,223,7.211102550927978,8.48528137423857,15.016341540274459,1.5864425612041553,1.8667619023324853
126,99,224,7.211102550927978,8.48528137423857,15.016341540274459,1.5864425612041553,1.8667619023324853
127,100,224,6.324555320336759,8.48528137423857,25.464400837848057,1.391402170474087,1.8667619023324853
128,101,225,7.211102550927978,8.48528137423857,15.016341540274459,1.5864425612041553,1.8667619023324853
129,102,225,6.324555320336759,8.48528137423857,25.464400837848057,1.391402170474087,1.8667619023324853
130,103,226,7.211102550927978,8.48528137423857,15.016341540274459,1.5864425612041553,1.8667619023324853
131,104,227,7.211102550927978,8.48528137423857,15.016341540274459,1.5864425612041553,1.8667619023324853
132,105,228,7.211102550927978,8.48528137423857,15.016341540274459,1.5864425612041553,1.8667619023324853
133,106,229,7.211102550927978,8.270118263535648,12.805327415890988,1.5864425612041553,1.8194260179778428
134,107,229,8.246211251235321,8.270118263535648,0.2890771511313228,1.8141664752717708,1.8194260179778428
135,107,238,4.0,8.246211251235321,51.49287505155694,0.88,1.8141664752717708
136,108,230,8.48528137423857,8.270118263535648,-2.601693151008999,1.8667619023324853,1.8194260179778428
137,108,237,4.47213595499958,8.246211251235321,45.76738561110266,0.9838699100999075,1.8141664752717708
138,109,231,8.94427190999916,8.270118263535648,-8.151680715628927,1.967739820199815,1.8194260179778428
139,109,235,6.0,8.246211251235321,27.239312577335404,1.32,1.8141664752717708
140,109,236,4.47213595499958,8.246211251235321,45.76738561110266,0.9838699100999075,1.8141664752717708
141,110,232,10.0,8.270118263535648,-20.9172549804997,2.2,1.8194260179778428
142,110,233,8.94427190999916,8.48528137423857,-5.409255214719977,1.967739820199815,1.8667619023324853
143,110,234,7.211102550927978,8.48528137423857,15.016341540274459,1.5864425612041553,1.8667619023324853
144,111,232,10.0,8.531180427814633,-17.217072981773928,2.2,1.8768596941192193
145,112,232,8.94427190999916,8.94427190999916,1.1180341097372093e-07,1.967739820199815,1.967739820199815
146,113,232,8.246211251235321,8.94427190999916,7.804555530148782,1.8141664752717708,1.967739820199815
147,114,233,8.0,8.94427190999916,10.557281000008423,1.76,1.967739820199815
148,115,233,8.0,8.94427190999916,10.557281000008423,1.76,1.967739820199815
149,116,233,7.211102550927978,8.94427190999916,19.377422607153306,1.5864425612041553,1.967739820199815
150,117,234,7.211102550927978,8.94427190999916,19.377422607153306,1.5864425612041553,1.967739820199815
151,118,234,7.211102550927978,8.94427190999916,19.377422607153306,1.5864425612041553,1.967739820199815
152,119,235,6.324555320336759,8.94427190999916,29.28932196040219,1.391402170474087,1.967739820199815
153,120,235,7.211102550927978,8.94427190999916,19.377422607153306,1.5864425612041553,1.967739820199815
154,121,235,7.211102550927978,8.94427190999916,19.377422607153306,1.5864425612041553,1.967739820199815
155,122,236,6.324555320336759,8.94427190999916,29.28932196040219,1.391402170474087,1.967739820199815
156,123,236,7.211102550927978,8.94427190999916,19.377422607153306,1.5864425612041553,1.967739820199815
157,124,236,8.0,8.94427190999916,10.557281000008423,1.76,1.967739820199815
158,125,236,8.0,8.94427190999916,10.557281000008423,1.76,1.967739820199815
159,126,236,8.0,8.94427190999916,10.557281000008423,1.76,1.967739820199815
160,127,236,7.211102550927978,8.94427190999916,19.377422607153306,1.5864425612041553,1.967739820199815
161,128,236,6.324555320336759,8.531180427814633,25.86541374388195,1.391402170474087,1.8768596941192193
162,129,237,6.0,8.531180427814633,29.66975621093564,1.32,1.8768596941192193
163,130,237,6.324555320336759,8.531180427814633,25.86541374388195,1.391402170474087,1.8768596941192193
164,131,237,7.211102550927978,8.270118263535648,12.805327415890988,1.5864425612041553,1.8194260179778428
165,132,237,8.0,8.270118263535648,3.2661960156002423,1.76,1.8194260179778428
166,133,237,8.0,8.246211251235321,2.9857501031138822,1.76,1.8141664752717708
167,134,237,8.0,8.246211251235321,2.9857501031138822,1.76,1.8141664752717708
168,135,237,8.0,8.246211251235321,2.9857501031138822,1.76,1.8141664752717708
169,136,237,8.0,8.246211251235321,2.9857501031138822,1.76,1.8141664752717708
170,137,237,8.0,8.246211251235321,2.9857501031138822,1.76,1.8141664752717708
171,138,237,8.0,8.246211251235321,2.9857501031138822,1.76,1.8141664752717708
172,139,237,8.0,8.246211251235321,2.9857501031138822,1.76,1.8141664752717708
173,140,237,8.0,8.246211251235321,2.9857501031138822,1.76,1.8141664752717708
174,141,237,7.211102550927978,8.246211251235321,12.552536886525022,1.5864425612041553,1.8141664752717708
175,142,237,6.324555320336759,8.246211251235321,23.303501208271125,1.391402170474087,1.8141664752717708
176,143,237,6.0,8.246211251235321,27.239312577335404,1.32,1.8141664752717708
177,144,236,6.0,8.246211251235321,27.239312577335404,1.32,1.8141664752717708
178,145,237,6.0,8.246211251235321,27.239312577335404,1.32,1.8141664752717708
179,146,237,6.0,8.246211251235321,27.239312577335404,1.32,1.8141664752717708
180,147,236,6.324555320336759,8.246211251235321,23.303501208271125,1.391402170474087,1.8141664752717708
181,148,236,7.211102550927978,8.246211251235321,12.552536886525022,1.5864425612041553,1.8141664752717708
182,149,236,8.0,8.246211251235321,2.9857501031138822,1.76,1.8141664752717708
183,150,236,8.0,8.246211251235321,2.9857501031138822,1.76,1.8141664752717708
184,151,236,8.0,8.246211251235321,2.9857501031138822,1.76,1.8141664752717708
185,152,236,8.0,8.246211251235321,2.9857501031138822,1.76,1.8141664752717708
186,153,236,8.0,8.246211251235321,2.9857501031138822,1.76,1.8141664752717708
187,154,236,7.211102550927978,8.246211251235321,12.552536886525022,1.5864425612041553,1.8141664752717708
188,155,236,6.324555320336759,8.246211251235321,23.303501208271125,1.391402170474087,1.8141664752717708
189,156,236,6.0,8.246211251235321,27.239312577335404,1.32,1.8141664752717708
190,157,236,6.0,8.246211251235321,27.239312577335404,1.32,1.8141664752717708
191,158,235,6.0,8.246211251235321,27.239312577335404,1.32,1.8141664752717708
192,159,235,6.324555320336759,8.024621125123534,21.18562093038433,1.391402170474087,1.7654166475271775
193,160,235,7.211102550927978,8.024621125123534,10.137781840376359,1.5864425612041553,1.7654166475271775
194,161,235,7.211102550927978,8.024621125123534,10.137781840376359,1.5864425612041553,1.7654166475271775
195,162,235,6.324555320336759,8.024621125123534,21.18562093038433,1.391402170474087,1.7654166475271775
196,163,234,6.0,8.024621125123534,25.230114930433622,1.32,1.7654166475271775
197,164,235,6.324555320336759,8.024621125123534,21.18562093038433,1.391402170474087,1.7654166475271775
198,165,235,7.211102550927978,8.024621125123534,10.137781840376359,1.5864425612041553,1.7654166475271775
199,166,235,7.211102550927978,8.024621125123534,10.137781840376359,1.5864425612041553,1.7654166475271775
200,167,235,6.324555320336759,8.024621125123534,21.18562093038433,1.391402170474087,1.7654166475271775
201,168,234,6.0,8.024621125123534,25.230114930433622,1.32,1.7654166475271775
202,169,235,6.0,8.024621125123534,25.230114930433622,1.32,1.7654166475271775
203,170,234,6.0,8.024621125123534,25.230114930433622,1.32,1.7654166475271775
204,171,234,6.0,8.024621125123534,25.230114930433622,1.32,1.7654166475271775
205,172,234,6.324555320336759,8.024621125123534,21.18562093038433,1.391402170474087,1.7654166475271775
206,173,234,7.211102550927978,8.024621125123534,10.137781840376359,1.5864425612041553,1.7654166475271775
207,174,234,8.0,8.024621125123534,0.30681990724483743,1.76,1.7654166475271775
208,175,234,8.0,8.024621125123534,0.30681990724483743,1.76,1.7654166475271775
209,176,234,8.0,8.024621125123534,0.30681990724483743,1.76,1.7654166475271775
210,177,234,8.0,8.024621125123534,0.30681990724483743,1.76,1.7654166475271775
211,178,234,7.211102550927978,8.024621125123534,10.137781840376359,1.5864425612041553,1.7654166475271775
212,179,234,6.324555320336759,8.024621125123534,21.18562093038433,1.391402170474087,1.7654166475271775
213,180,233,6.0,8.024621125123534,25.230114930433622,1.32,1.7654166475271775
214,181,233,6.0,8.0,25.000000093750007,1.32,1.76
215,182,233,6.0,8.0,25.000000093750007,1.32,1.76
216,183,233,6.0,8.0,25.000000093750007,1.32,1.76
217,184,233,6.0,8.0,25.000000093750007,1.32,1.76
218,185,233,6.0,8.0,25.000000093750007,1.32,1.76
219,186,233,6.0,8.0,25.000000093750007,1.32,1.76
220,187,233,6.0,8.0,25.000000093750007,1.32,1.76
221,188,233,6.0,8.0,25.000000093750007,1.32,1.76
222,189,233,6.0,8.0,25.000000093750007,1.32,1.76
223,190,233,5.656854249492381,8.0,29.289321969733596,1.2445079348883237,1.76
224,191,233,4.47213595499958,8.0,44.09830063238238,0.9838699100999075,1.76
225,192,232,4.0,8.0,50.00000006250001,0.88,1.76
226,193,232,4.0,8.0,50.00000006250001,0.88,1.76
227,194,233,4.47213595499958,8.0,44.09830063238238,0.9838699100999075,1.76
228,201,152,2.0,8.0,75.00000003125,0.44,1.76
229,195,233,5.656854249492381,8.0,29.289321969733596,1.2445079348883237,1.76
230,202,152,2.8284271247461903,8.0,64.6446609848668,0.6222539674441618,1.76
231,196,233,6.0,8.0,25.000000093750007,1.32,1.76
232,203,152,4.0,8.0,50.00000006250001,0.88,1.76
233,197,233,6.0,8.0,25.000000093750007,1.32,1.76
234,204,152,4.0,8.0,50.00000006250001,0.88,1.76
235,198,232,6.0,8.0,25.000000093750007,1.32,1.76
236,205,152,4.0,8.0,50.00000006250001,0.88,1.76
237,199,232,6.0,8.0,25.000000093750007,1.32,1.76
238,206,152,4.0,8.0,50.00000006250001,0.88,1.76
239,200,232,6.0,8.0,25.000000093750007,1.32,1.76
240,207,152,4.0,8.0,50.00000006250001,0.88,1.76
241,201,232,6.324555320336759,8.0,20.943058594611696,1.391402170474087,1.76
242,208,153,4.0,8.0,50.00000006250001,0.88,1.76
243,202,231,5.656854249492381,8.0,29.289321969733596,1.2445079348883237,1.76
244,209,153,4.0,8.0,50.00000006250001,0.88,1.76
245,203,231,6.0,8.0,25.000000093750007,1.32,1.76
246,210,153,4.0,8.0,50.00000006250001,0.88,1.76
247,204,231,6.0,8.0,25.000000093750007,1.32,1.76
248,211,153,4.0,8.0,50.00000006250001,0.88,1.76
249,205,231,6.0,8.0,25.000000093750007,1.32,1.76
250,212,153,4.0,8.0,50.00000006250001,0.88,1.76
251,206,231,6.0,8.0,25.000000093750007,1.32,1.76
252,213,154,4.47213595499958,8.0,44.09830063238238,0.9838699100999075,1.76
253,207,231,6.0,8.0,25.000000093750007,1.32,1.76
254,214,154,5.656854249492381,8.0,29.289321969733596,1.2445079348883237,1.76
255,208,231,5.656854249492381,8.0,29.289321969733596,1.2445079348883237,1.76
256,215,154,5.656854249492381,8.0,29.289321969733596,1.2445079348883237,1.76
257,209,231,4.47213595499958,8.0,44.09830063238238,0.9838699100999075,1.76
258,216,154,4.47213595499958,8.0,44.09830063238238,0.9838699100999075,1.76
259,210,231,4.0,8.0,50.00000006250001,0.88,1.76
260,217,155,5.656854249492381,8.0,29.289321969733596,1.2445079348883237,1.76
261,211,231,4.47213595499958,8.0,44.09830063238238,0.9838699100999075,1.76
262,218,155,5.656854249492381,7.289992295835187,22.402466118319232,1.2445079348883237,1.6037983050837412
263,212,231,5.656854249492381,7.211102550927978,21.55354605351204,1.2445079348883237,1.5864425612041553
264,219,155,4.47213595499958,7.211102550927978,37.98263279139839,0.9838699100999075,1.5864425612041553
265,213,231,6.0,7.211102550927978,16.79497068160024,1.32,1.5864425612041553
266,220,156,4.47213595499958,7.211102550927978,37.98263279139839,0.9838699100999075,1.5864425612041553
267,214,231,6.0,7.211102550927978,16.79497068160024,1.32,1.5864425612041553
268,221,156,5.656854249492381,7.211102550927978,21.55354605351204,1.2445079348883237,1.5864425612041553
269,215,231,6.0,7.211102550927978,16.79497068160024,1.32,1.5864425612041553
270,222,156,4.47213595499958,7.211102550927978,37.98263279139839,0.9838699100999075,1.5864425612041553
271,216,230,6.0,7.211102550927978,16.79497068160024,1.32,1.5864425612041553
272,223,157,4.47213595499958,7.211102550927978,37.98263279139839,0.9838699100999075,1.5864425612041553
273,217,230,6.0,7.211102550927978,16.79497068160024,1.32,1.5864425612041553
274,224,157,4.47213595499958,6.413210043395889,30.26680994751578,0.9838699100999075,1.4109062095470957
275,218,230,6.0,6.413210043395889,6.443108052839907,1.32,1.4109062095470957
276,225,157,4.0,6.413210043395889,37.62873870189327,0.88,1.4109062095470957
277,219,230,6.0,6.413210043395889,6.443108052839907,1.32,1.4109062095470957
278,226,158,4.47213595499958,6.324555320336759,29.289321993148643,0.9838699100999075,1.391402170474087
279,220,230,6.0,6.324555320336759,5.131670344948624,1.32,1.391402170474087
280,227,158,4.47213595499958,6.324555320336759,29.289321993148643,0.9838699100999075,1.391402170474087
281,221,230,5.656854249492381,6.324555320336759,10.557281041429768,1.2445079348883237,1.391402170474087
282,228,159,4.47213595499958,6.324555320336759,29.289321993148643,0.9838699100999075,1.391402170474087
283,222,230,4.47213595499958,6.324555320336759,29.289321993148643,0.9838699100999075,1.391402170474087
284,223,229,4.47213595499958,6.324555320336759,29.289321993148643,0.9838699100999075,1.391402170474087
285,229,160,4.47213595499958,6.032455532033679,25.865413779876445,0.9838699100999075,1.3271402170474094
286,224,229,5.656854249492381,6.0,5.719095998928491,1.2445079348883237,1.32
287,230,160,5.656854249492381,6.0,5.719095998928491,1.2445079348883237,1.32
288,225,229,6.0,6.0,1.6666666935449825e-07,1.32,1.32
289,231,161,4.47213595499958,6.0,25.464400874233007,0.9838699100999075,1.32
290,226,229,6.0,6.0,1.6666666935449825e-07,1.32,1.32
291,232,161,5.656854249492381,6.0,5.719095998928491,1.2445079348883237,1.32
292,227,230,6.324555320336759,6.0,-5.409255163263893,1.391402170474087,1.32
293,233,162,5.656854249492381,6.0,5.719095998928491,1.2445079348883237,1.32
294,228,230,7.211102550927978,6.0,-20.185042315157897,1.5864425612041553,1.32
295,234,162,5.656854249492381,6.0,5.719095998928491,1.2445079348883237,1.32
296,229,230,8.0,6.0,-33.33333311111111,1.76,1.32
297,235,163,5.656854249492381,6.0,5.719095998928491,1.2445079348883237,1.32
298,230,229,7.211102550927978,6.0,-20.185042315157897,1.5864425612041553,1.32
299,236,163,5.656854249492381,6.0,5.719095998928491,1.2445079348883237,1.32
300,231,229,8.0,6.0,-33.33333311111111,1.76,1.32
301,237,164,5.656854249492381,6.0,5.719095998928491,1.2445079348883237,1.32
302,232,229,7.211102550927978,6.0,-20.185042315157897,1.5864425612041553,1.32
303,238,165,5.656854249492381,6.0,5.719095998928491,1.2445079348883237,1.32
304,233,229,6.324555320336759,6.032455532033679,-4.8421372734162915,1.391402170474087,1.3271402170474094
305,239,166,5.656854249492381,6.032455532033679,6.226341660110679,1.2445079348883237,1.3271402170474094
306,234,229,6.0,6.032455532033679,0.5380154367907286,1.32,1.3271402170474094
307,240,167,5.656854249492381,6.032455532033679,6.226341660110679,1.2445079348883237,1.3271402170474094
308,235,229,6.0,6.032455532033679,0.5380154367907286,1.32,1.3271402170474094
309,241,168,5.656854249492381,6.032455532033679,6.226341660110679,1.2445079348883237,1.3271402170474094
310,236,229,6.0,6.032455532033679,0.5380154367907286,1.32,1.3271402170474094
311,242,169,5.656854249492381,6.032455532033679,6.226341660110679,1.2445079348883237,1.3271402170474094
312,237,229,5.656854249492381,6.032455532033679,6.226341660110679,1.2445079348883237,1.3271402170474094
313,243,169,6.324555320336759,6.324555320336759,1.5811387754638417e-07,1.391402170474087,1.391402170474087
314,238,228,4.47213595499958,6.324555320336759,29.289321993148643,0.9838699100999075,1.391402170474087
315,239,227,4.0,6.324555320336759,36.75444689663242,0.88,1.391402170474087
316,244,170,6.324555320336759,6.324555320336759,1.5811387754638417e-07,1.391402170474087,1.391402170474087
317,240,227,4.0,6.324555320336759,36.75444689663242,0.88,1.391402170474087
318,245,171,5.656854249492381,6.324555320336759,10.557281041429768,1.2445079348883237,1.391402170474087
319,241,226,4.47213595499958,6.324555320336759,29.289321993148643,0.9838699100999075,1.391402170474087
320,246,171,6.324555320336759,6.324555320336759,1.5811387754638417e-07,1.391402170474087,1.391402170474087
321,242,220,2.0,6.324555320336759,68.3772234483162,0.44,1.391402170474087
322,242,221,2.8284271247461903,6.324555320336759,55.27864052071488,0.6222539674441618,1.391402170474087
323,242,225,5.656854249492381,6.324555320336759,10.557281041429768,1.2445079348883237,1.391402170474087
324,247,171,5.656854249492381,6.324555320336759,10.557281041429768,1.2445079348883237,1.391402170474087
325,243,222,4.0,6.324555320336759,36.75444689663242,0.88,1.391402170474087
326,243,223,5.656854249492381,6.324555320336759,10.557281041429768,1.2445079348883237,1.391402170474087
327,243,224,6.324555320336759,6.324555320336759,1.5811387754638417e-07,1.391402170474087,1.391402170474087
328,248,172,5.656854249492381,6.324555320336759,10.557281041429768,1.2445079348883237,1.391402170474087
329,244,225,7.211102550927978,6.324555320336759,-14.017542329636212,1.5864425612041553,1.391402170474087
330,249,173,5.656854249492381,6.324555320336759,10.557281041429768,1.2445079348883237,1.391402170474087
331,245,225,8.0,6.324555320336759,-26.49110620673516,1.76,1.391402170474087
332,250,173,4.47213595499958,6.324555320336759,29.289321993148643,0.9838699100999075,1.391402170474087
333,246,225,8.0,6.413210043395889,-24.742522596213455,1.76,1.4109062095470957
334,251,174,5.656854249492381,6.413210043395889,11.793716369901318,1.2445079348883237,1.4109062095470957
335,247,226,8.48528137423857,7.211102550927978,-17.669680919731935,1.8667619023324853,1.5864425612041553
336,252,175,4.47213595499958,7.211102550927978,37.98263279139839,0.9838699100999075,1.5864425612041553
337,248,226,10.0,7.211102550927978,-38.67504886399959,2.2,1.5864425612041553
338,253,175,4.47213595499958,7.211102550927978,37.98263279139839,0.9838699100999075,1.5864425612041553
339,249,227,10.770329614269007,7.211102550927978,-49.35759855401365,2.3694725151391816,1.5864425612041553
340,254,176,4.47213595499958,7.211102550927978,37.98263279139839,0.9838699100999075,1.5864425612041553
341,250,227,11.661903789690601,7.289992295835187,-59.9714142408075,2.5656188337319326,1.6037983050837412
342,255,176,4.47213595499958,7.289992295835187,38.653763030450506,0.9838699100999075,1.6037983050837412
343,251,227,12.649110640673518,8.0,-58.11388281077661,2.782804340948174,1.76
344,256,177,4.47213595499958,8.0,44.09830063238238,0.9838699100999075,1.76
345,252,226,12.649110640673518,8.0,-58.11388281077661,2.782804340948174,1.76
346,257,178,4.47213595499958,8.0,44.09830063238238,0.9838699100999075,1.76
347,253,226,13.416407864998739,8.0,-67.70509810285286,2.9516097302997224,1.76
348,258,178,4.47213595499958,8.0,44.09830063238238,0.9838699100999075,1.76
349,254,225,12.806248474865697,8.048528137423862,-59.112924006666546,2.8173746644704534,1.7706761902332495
350,255,224,12.806248474865697,8.636753236814725,-48.27618792500179,2.8173746644704534,1.9000857120992394
351,259,179,4.47213595499958,8.636753236814725,48.219709105977714,0.9838699100999075,1.9000857120992394
352,256,223,12.806248474865697,10.077032961426907,-27.083522612036592,2.8173746644704534,2.2169472515139197
353,260,179,4.47213595499958,10.077032961426907,55.620508857317695,0.9838699100999075,2.2169472515139197
354,257,223,13.416407864998739,10.859487031811174,-23.54550277874925,2.9516097302997224,2.3890871469984583
355,261,179,4.0,10.859487031811174,63.165847662977,0.88,2.3890871469984583
356,258,222,14.422205101855956,11.760624474788901,-22.63128646365269,3.1728851224083106,2.5873373844535585
357,262,180,4.47213595499958,11.760624474788901,61.97365232786911,0.9838699100999075,2.5873373844535585
358,259,221,15.231546211727817,12.649110640673518,-20.415945692725778,3.35094016658012,2.782804340948174
359,263,180,4.47213595499958,12.649110640673518,64.64466096862347,0.9838699100999075,2.782804340948174
360,260,219,14.142135623730951,12.664824424092737,-11.66467958025066,3.111269837220809,2.7862613733004022
361,260,220,14.422205101855956,12.806248474865697,-12.618501186354303,3.1728851224083106,2.8173746644704534
362,264,181,4.47213595499958,12.806248474865697,65.07848523879021,0.9838699100999075,2.8173746644704534
363,261,218,14.142135623730951,12.806248474865697,-10.431525988614009,3.111269837220809,2.8173746644704534
364,265,181,4.47213595499958,12.806248474865697,65.07848523879021,0.9838699100999075,2.8173746644704534
365,262,217,14.142135623730951,12.867264413879006,-9.907865089692592,3.111269837220809,2.8307981710533814
366,263,215,14.422205101855956,13.416407864998739,-7.496769897190614,3.1728851224083106,2.9516097302997224
367,263,216,13.416407864998739,13.416407864998739,7.453559991432712e-08,2.9516097302997224,2.9516097302997224
368,266,182,4.47213595499958,13.416407864998739,66.66666669151186,0.9838699100999075,2.9516097302997224
369,264,213,14.422205101855956,13.488980640871967,-6.918420858759711,3.1728851224083106,2.967575740991833
370,264,214,13.416407864998739,13.488980640871967,0.5380153456483572,2.9516097302997224,2.967575740991833
371,267,182,4.47213595499958,13.488980640871967,66.84600511521612,0.9838699100999075,2.967575740991833
372,265,211,14.560219778561036,14.142135623730951,-2.9563013370689006,3.203248351283428,3.111269837220809
373,265,212,14.142135623730951,14.142135623730951,7.071068175434903e-08,3.111269837220809,3.111269837220809
374,268,183,5.656854249492381,14.142135623730951,60.000000028284276,1.2445079348883237,3.111269837220809
375,266,210,15.620499351813308,14.142135623730951,-10.453610093770106,3.436509857398928,3.111269837220809
376,267,205,14.142135623730951,14.142135623730951,7.071068175434903e-08,3.111269837220809,3.111269837220809
377,267,206,14.560219778561036,14.170142571543455,-2.7528106705549726,3.203248351283428,3.11743136573956
378,267,207,15.231546211727817,14.422205101855956,-5.6117708325097215,3.35094016658012,3.1728851224083106
379,269,184,6.324555320336759,14.422205101855956,56.14709906505505,1.391402170474087,3.1728851224083106
380,267,208,16.1245154965971,14.422205101855956,-11.803398797467768,3.5473934092513617,3.1728851224083106
381,267,209,15.620499351813308,14.422205101855956,-8.308675619737782,3.436509857398928,3.1728851224083106
382,268,201,13.416407864998739,14.422205101855956,6.973949122595613,2.9516097302997224,3.1728851224083106
383,268,202,14.422205101855956,14.422205101855956,6.933753571303214e-08,3.1728851224083106,3.1728851224083106
384,268,203,14.142135623730951,14.422205101855956,1.9419324988990128,3.111269837220809,3.1728851224083106
385,268,204,14.0,14.422205101855956,2.9274657278925975,3.08,3.1728851224083106
386,270,184,8.246211251235321,14.422205101855956,42.82281254995869,1.8141664752717708,3.1728851224083106
387,269,198,12.649110640673518,14.422205101855956,12.2941981301101,2.782804340948174,3.1728851224083106
388,269,199,13.416407864998739,14.422205101855956,6.973949122595613,2.9516097302997224,3.1728851224083106
389,269,200,14.0,14.422205101855956,2.9274657278925975,3.08,3.1728851224083106
390,271,184,8.94427190999916,14.422205101855956,37.98263274839707,1.967739820199815,3.1728851224083106
391,270,197,13.416407864998739,14.422205101855956,6.973949122595613,2.9516097302997224,3.1728851224083106
392,271,194,12.649110640673518,14.422205101855956,12.2941981301101,2.782804340948174,3.1728851224083106
393,271,195,13.416407864998739,14.422205101855956,6.973949122595613,2.9516097302997224,3.1728851224083106
394,271,196,12.649110640673518,14.422205101855956,12.2941981301101,2.782804340948174,3.1728851224083106
395,272,185,10.770329614269007,14.422205101855956,25.32120067121275,2.3694725151391816,3.1728851224083106
396,272,191,11.661903789690601,14.422205101855956,19.13924604980285,2.5656188337319326,3.1728851224083106
397,272,192,12.649110640673518,14.422205101855956,12.2941981301101,2.782804340948174,3.1728851224083106
398,272,193,12.165525060596439,14.422205101855956,15.647260829790765,2.6764155133312166,3.1728851224083106
399,273,185,12.649110640673518,14.422205101855956,12.2941981301101,2.782804340948174,3.1728851224083106
400,273,189,12.165525060596439,14.422205101855956,15.647260829790765,2.6764155133312166,3.1728851224083106
401,273,190,12.649110640673518,14.422205101855956,12.2941981301101,2.782804340948174,3.1728851224083106
402,273,193,10.198039027185569,14.422205101855956,29.28932193037429,2.243568585980825,3.1728851224083106
403,274,186,14.142135623730951,14.422205101855956,1.9419324988990128,3.111269837220809,3.1728851224083106
404,274,187,14.0,14.422205101855956,2.9274657278925975,3.08,3.1728851224083106
405,274,188,12.806248474865697,14.422205101855956,11.204643287605464,2.8173746644704534,3.1728851224083106
406,274,194,8.0,14.422205101855956,44.52998041593863,1.76,3.1728851224083106
407,275,185,14.422205101855956,14.422205101855956,6.933753571303214e-08,3.1728851224083106,3.1728851224083106
408,275,195,6.0,14.422205101855956,58.397485311953965,1.32,3.1728851224083106
409,276,185,14.142135623730951,14.422205101855956,1.9419324988990128,3.111269837220809,3.1728851224083106
410,277,184,14.142135623730951,14.422205101855956,1.9419324988990128,3.111269837220809,3.1728851224083106
411,276,196,4.47213595499958,14.422205101855956,68.99131637419853,0.9838699100999075,3.1728851224083106
412,278,183,14.142135623730951,14.422205101855956,1.9419324988990128,3.111269837220809,3.1728851224083106
413,277,196,2.8284271247461903,14.422205101855956,80.38838649977981,0.6222539674441618,3.1728851224083106
414,279,182,14.142135623730951,14.422205101855956,1.9419324988990128,3.111269837220809,3.1728851224083106
415,278,196,2.0,14.422205101855956,86.13249510398467,0.44,3.1728851224083106
416,280,181,14.142135623730951,14.422205101855956,1.9419324988990128,3.111269837220809,3.1728851224083106
417,281,180,14.142135623730951,14.422205101855956,1.9419324988990128,3.111269837220809,3.1728851224083106
418,282,179,14.142135623730951,14.422205101855956,1.9419324988990128,3.111269837220809,3.1728851224083106
419,283,178,13.416407864998739,14.422205101855956,6.973949122595613,2.9516097302997224,3.1728851224083106
420,284,178,14.142135623730951,14.422205101855956,1.9419324988990128,3.111269837220809,3.1728851224083106
421,285,177,14.142135623730951,14.422205101855956,1.9419324988990128,3.111269837220809,3.1728851224083106
422,286,176,14.142135623730951,14.422205101855956,1.9419324988990128,3.111269837220809,3.1728851224083106
423,287,176,14.422205101855956,14.422205101855956,6.933753571303214e-08,3.1728851224083106,3.1728851224083106
424,288,175,15.231546211727817,14.436006569526466,-5.510801258082032,3.35094016658012,3.1759214452958227
425,289,174,15.620499351813308,14.560219778561036,-7.28202993257876,3.436509857398928,3.203248351283428
426,290,173,15.231546211727817,14.62735242187772,-4.130575117157664,3.35094016658012,3.2180175328130987
427,291,173,16.1245154965971,15.231546211727817,-5.862630502971911,3.5473934092513617,3.35094016658012
428,292,173,15.231546211727817,15.231546211727817,6.565322729912282e-08,3.35094016658012,3.35094016658012
429,293,172,16.1245154965971,15.231546211727817,-5.862630502971911,3.5473934092513617,3.35094016658012
430,294,172,15.231546211727817,15.231546211727817,6.565322729912282e-08,3.35094016658012,3.35094016658012
431,295,171,16.1245154965971,15.231546211727817,-5.862630502971911,3.5473934092513617,3.35094016658012
432,296,171,16.1245154965971,15.27044152573637,-5.592987988343334,3.5473934092513617,3.3594971356620014
433,297,170,16.97056274847714,15.620499351813308,-8.642895181470745,3.7335238046649706,3.436509857398928
434,298,170,16.492422502470642,15.620499351813308,-5.581915919979363,3.6283329505435415,3.436509857398928
435,299,169,16.492422502470642,15.670900966291692,-5.242337549205489,3.6283329505435415,3.447598212584172
436,300,169,16.1245154965971,16.1245154965971,6.201736901800814e-08,3.5473934092513617,3.5473934092513617
437,301,168,16.1245154965971,16.1245154965971,6.201736901800814e-08,3.5473934092513617,3.5473934092513617
438,302,168,16.1245154965971,16.1245154965971,6.201736901800814e-08,3.5473934092513617,3.5473934092513617
439,303,167,16.1245154965971,16.1245154965971,6.201736901800814e-08,3.5473934092513617,3.5473934092513617
440,304,167,16.1245154965971,16.1245154965971,6.201736901800814e-08,3.5473934092513617,3.5473934092513617
441,305,166,16.97056274847714,16.1245154965971,-5.246962251572107,3.7335238046649706,3.5473934092513617
442,306,165,16.97056274847714,16.1245154965971,-5.246962251572107,3.7335238046649706,3.5473934092513617
443,307,164,16.1245154965971,16.1245154965971,6.201736901800814e-08,3.5473934092513617,3.5473934092513617
444,308,164,15.620499351813308,16.1245154965971,3.1257754974255203,3.436509857398928,3.5473934092513617
445,309,163,15.620499351813308,16.1245154965971,3.1257754974255203,3.436509857398928,3.5473934092513617
446,310,162,15.231546211727817,16.1245154965971,5.5379604708367,3.35094016658012,3.5473934092513617
447,311,161,14.422205101855956,16.1245154965971,10.557280955478433,3.1728851224083106,3.5473934092513617
448,312,160,14.142135623730951,16.1245154965971,12.294198123689903,3.111269837220809,3.5473934092513617
449,313,159,14.142135623730951,16.1245154965971,12.294198123689903,3.111269837220809,3.5473934092513617
450,314,158,13.416407864998739,16.1245154965971,16.794970617817196,2.9516097302997224,3.5473934092513617
451,315,158,12.806248474865697,16.1245154965971,20.57901851608368,2.8173746644704534,3.5473934092513617
452,316,157,12.806248474865697,16.1245154965971,20.57901851608368,2.8173746644704534,3.5473934092513617
453,317,156,12.806248474865697,16.1245154965971,20.57901851608368,2.8173746644704534,3.5473934092513617
454,318,155,12.649110640673518,16.1245154965971,21.55354599337681,2.782804340948174,3.5473934092513617
455,319,154,11.661903789690601,16.1245154965971,27.675942976895573,2.5656188337319326,3.5473934092513617
456,320,154,12.649110640673518,16.1245154965971,21.55354599337681,2.782804340948174,3.5473934092513617
457,321,153,11.661903789690601,16.1245154965971,27.675942976895573,2.5656188337319326,3.5473934092513617
458,322,153,12.649110640673518,16.1245154965971,21.55354599337681,2.782804340948174,3.5473934092513617
459,323,152,12.806248474865697,16.1245154965971,20.57901851608368,2.8173746644704534,3.5473934092513617
460,324,152,14.0,16.1245154965971,13.175685841400231,3.08,3.5473934092513617
461,325,151,14.142135623730951,16.1245154965971,12.294198123689903,3.111269837220809,3.5473934092513617
462,326,151,15.231546211727817,16.1245154965971,5.5379604708367,3.35094016658012,3.5473934092513617
463,327,151,16.0,16.1245154965971,0.7722123901717004,3.52,3.5473934092513617
464,318,265,4.0,16.1245154965971,75.19305309754293,0.88,3.5473934092513617
465,318,266,4.0,16.1245154965971,75.19305309754293,0.88,3.5473934092513617
466,328,151,16.0,16.1245154965971,0.7722123901717004,3.52,3.5473934092513617
467,318,267,2.8284271247461903,16.1245154965971,82.45883962473798,0.6222539674441618,3.5473934092513617
468,318,268,2.0,16.1245154965971,87.59652654877146,0.44,3.5473934092513617
469,319,264,4.47213595499958,16.1245154965971,72.26499020593906,0.9838699100999075,3.5473934092513617
470,329,151,16.0,16.1245154965971,0.7722123901717004,3.52,3.5473934092513617
471,320,263,4.47213595499958,16.1245154965971,72.26499020593906,0.9838699100999075,3.5473934092513617
472,330,150,16.1245154965971,16.1245154965971,6.201736901800814e-08,3.5473934092513617,3.5473934092513617
473,321,262,4.47213595499958,16.1245154965971,72.26499020593906,0.9838699100999075,3.5473934092513617
474,331,150,16.1245154965971,16.1245154965971,6.201736901800814e-08,3.5473934092513617,3.5473934092513617
475,322,262,4.47213595499958,16.1245154965971,72.26499020593906,0.9838699100999075,3.5473934092513617
476,332,149,15.231546211727817,16.1245154965971,5.5379604708367,3.35094016658012,3.5473934092513617
477,323,261,6.0,16.1245154965971,62.78957964631439,1.32,3.5473934092513617
478,333,149,16.0,16.1245154965971,0.7722123901717004,3.52,3.5473934092513617
479,324,260,7.211102550927978,16.1245154965971,55.278640477739216,1.5864425612041553,3.5473934092513617
480,334,149,15.231546211727817,16.1245154965971,5.5379604708367,3.35094016658012,3.5473934092513617
481,325,259,8.246211251235321,16.1245154965971,48.85916883604031,1.8141664752717708,3.5473934092513617
482,325,260,8.94427190999916,16.1245154965971,44.529980411878135,1.967739820199815,3.5473934092513617
483,335,149,14.422205101855956,16.1245154965971,10.557280955478433,3.1728851224083106,3.5473934092513617
484,326,257,7.211102550927978,16.1245154965971,55.278640477739216,1.5864425612041553,3.5473934092513617
485,326,258,8.0,16.1245154965971,50.38610619508586,1.76,3.5473934092513617
486,326,261,8.0,16.1245154965971,50.38610619508586,1.76,3.5473934092513617
487,326,262,6.324555320336759,16.1245154965971,60.7767729966884,1.391402170474087,3.5473934092513617
488,336,148,14.560219778561036,16.1245154965971,9.701350266282759,3.203248351283428,3.5473934092513617
489,327,255,7.211102550927978,16.1245154965971,55.278640477739216,1.5864425612041553,3.5473934092513617
490,327,256,7.211102550927978,16.1245154965971,55.278640477739216,1.5864425612041553,3.5473934092513617
491,327,263,5.656854249492381,16.1245154965971,64.91767924947595,1.2445079348883237,3.5473934092513617
492,337,148,14.560219778561036,16.1245154965971,9.701350266282759,3.203248351283428,3.5473934092513617
493,327,264,4.47213595499958,16.1245154965971,72.26499020593906,0.9838699100999075,3.5473934092513617
494,328,253,6.324555320336759,16.1245154965971,60.7767729966884,1.391402170474087,3.5473934092513617
495,328,254,7.211102550927978,16.1245154965971,55.278640477739216,1.5864425612041553,3.5473934092513617
496,329,251,6.324555320336759,16.1245154965971,60.7767729966884,1.391402170474087,3.5473934092513617
497,329,252,7.211102550927978,16.1245154965971,55.278640477739216,1.5864425612041553,3.5473934092513617
498,338,148,14.142135623730951,16.1245154965971,12.294198123689903,3.111269837220809,3.5473934092513617
499,328,265,4.0,16.1245154965971,75.19305309754293,0.88,3.5473934092513617
500,328,266,4.0,16.1245154965971,75.19305309754293,0.88,3.5473934092513617
501,328,267,2.8284271247461903,16.1245154965971,82.45883962473798,0.6222539674441618,3.5473934092513617
502,330,250,7.211102550927978,16.1245154965971,55.278640477739216,1.5864425612041553,3.5473934092513617
503,339,147,14.0,16.1245154965971,13.175685841400231,3.08,3.5473934092513617
504,329,268,2.0,16.1245154965971,87.59652654877146,0.44,3.5473934092513617
505,329,269,2.8284271247461903,16.1245154965971,82.45883962473798,0.6222539674441618,3.5473934092513617
506,329,270,2.0,16.1245154965971,87.59652654877146,0.44,3.5473934092513617
507,331,248,7.211102550927978,16.1245154965971,55.278640477739216,1.5864425612041553,3.5473934092513617
508,331,249,6.324555320336759,16.1245154965971,60.7767729966884,1.391402170474087,3.5473934092513617
509,340,147,14.142135623730951,16.1245154965971,12.294198123689903,3.111269837220809,3.5473934092513617
510,332,246,7.211102550927978,16.1245154965971,55.278640477739216,1.5864425612041553,3.5473934092513617
511,332,247,7.211102550927978,16.1245154965971,55.278640477739216,1.5864425612041553,3.5473934092513617
512,330,271,2.8284271247461903,16.1245154965971,82.45883962473798,0.6222539674441618,3.5473934092513617
513,330,272,4.0,16.1245154965971,75.19305309754293,0.88,3.5473934092513617
514,330,273,4.0,16.1245154965971,75.19305309754293,0.88,3.5473934092513617
515,341,147,14.142135623730951,16.1245154965971,12.294198123689903,3.111269837220809,3.5473934092513617
516,330,275,4.0,16.1245154965971,75.19305309754293,0.88,3.5473934092513617
517,330,276,4.0,16.012451549659712,75.01944043298636,0.88,3.5227393409251366
518,333,244,8.0,16.0,50.00000003125,1.76,3.52
519,333,245,8.0,16.0,50.00000003125,1.76,3.52
520,331,274,4.0,16.0,75.000000015625,0.88,3.52
521,342,147,14.0,15.65844941663198,10.591402644321091,3.08,3.4448588716590356
522,334,242,7.211102550927978,15.620499351813308,53.83564645470542,1.5864425612041553,3.436509857398928
523,331,277,4.47213595499958,15.27044152573637,70.71377442142884,0.9838699100999075,3.3594971356620014
524,334,243,7.211102550927978,15.231546211727817,52.656792383682415,1.5864425612041553,3.35094016658012
525,331,278,5.656854249492381,15.231546211727817,62.86093238897262,1.2445079348883237,3.35094016658012
526,331,279,6.0,15.231546211727817,60.60807016794531,1.32,3.35094016658012
527,331,280,6.0,15.231546211727817,60.60807016794531,1.32,3.35094016658012
528,331,281,6.324555320336759,15.231546211727817,58.47726010039103,1.391402170474087,3.35094016658012
529,343,147,14.0,15.231546211727817,8.085497058539048,3.08,3.35094016658012
530,335,240,7.211102550927978,15.231546211727817,52.656792383682415,1.5864425612041553,3.35094016658012
531,335,241,7.211102550927978,15.231546211727817,52.656792383682415,1.5864425612041553,3.35094016658012
532,332,282,5.656854249492381,15.231546211727817,62.86093238897262,1.2445079348883237,3.35094016658012
533,332,283,4.47213595499958,15.231546211727817,70.63898904354127,0.9838699100999075,3.35094016658012
534,336,238,8.0,15.231546211727817,47.47742689059374,1.76,3.35094016658012
535,344,146,14.0,15.231546211727817,8.085497058539048,3.08,3.35094016658012
536,336,239,7.211102550927978,15.231546211727817,52.656792383682415,1.5864425612041553,3.35094016658012
537,337,236,7.211102550927978,15.231546211727817,52.656792383682415,1.5864425612041553,3.35094016658012
538,337,237,8.246211251235321,15.231546211727817,45.86097083517304,1.8141664752717708,3.35094016658012
539,333,284,4.47213595499958,15.231546211727817,70.63898904354127,0.9838699100999075,3.35094016658012
540,345,146,14.0,15.231546211727817,8.085497058539048,3.08,3.35094016658012
541,338,235,7.211102550927978,15.231546211727817,52.656792383682415,1.5864425612041553,3.35094016658012
542,346,146,14.0,14.62735242187772,4.288899408142499,3.08,3.2180175328130987
543,339,234,6.324555320336759,14.560219778561036,56.56277575352586,1.391402170474087,3.203248351283428
544,347,146,14.0,14.560219778561036,3.8476053019554257,3.08,3.203248351283428
545,340,232,6.324555320336759,14.560219778561036,56.56277575352586,1.391402170474087,3.203248351283428
546,340,233,5.656854249492381,14.436006569526466,60.814272158097495,1.2445079348883237,3.1759214452958227
547,348,146,13.416407864998739,14.436006569526466,7.0628861860852155,2.9516097302997224,3.1759214452958227
548,341,230,5.656854249492381,14.436006569526466,60.814272158097495,1.2445079348883237,3.1759214452958227
549,341,231,5.656854249492381,14.436006569526466,60.814272158097495,1.2445079348883237,3.1759214452958227
550,349,146,12.649110640673518,14.170142571543455,10.734062357643982,2.782804340948174,3.11743136573956
551,342,229,5.656854249492381,14.170142571543455,60.07905907128692,1.2445079348883237,3.11743136573956
552,350,145,12.649110640673518,14.142135623730951,10.557280963253968,2.782804340948174,3.111269837220809
553,343,228,5.656854249492381,14.142135623730951,60.000000028284276,1.2445079348883237,3.111269837220809
554,351,145,12.649110640673518,14.142135623730951,10.557280963253968,2.782804340948174,3.111269837220809
555,344,227,5.656854249492381,14.142135623730951,60.000000028284276,1.2445079348883237,3.111269837220809
556,352,145,12.165525060596439,14.014213562373095,13.19152517713208,2.6764155133312166,3.083126983722081
557,345,227,5.656854249492381,14.014213562373095,59.63487911555727,1.2445079348883237,3.083126983722081
558,353,144,12.0,14.0,14.285714346938782,2.64,3.08
559,346,226,6.324555320336759,14.0,54.82460488700558,1.391402170474087,3.08
560,347,225,8.0,14.0,42.857142897959186,1.76,3.08
561,354,145,12.0,14.0,14.285714346938782,2.64,3.08
562,348,225,8.246211251235321,14.0,41.09849110467736,1.8141664752717708,3.08
563,355,144,12.0,14.0,14.285714346938782,2.64,3.08
564,349,225,8.94427190999916,14.0,36.112343545640044,1.967739820199815,3.08
565,356,144,12.165525060596439,14.0,13.10339248638016,2.6764155133312166,3.08
566,350,224,10.0,14.0,28.57142862244898,2.2,3.08
567,357,144,12.165525060596439,14.0,13.10339248638016,2.6764155133312166,3.08
568,351,224,11.313708498984761,14.0,19.187796493546138,2.4890158697766473,3.08
569,358,144,12.0,14.0,14.285714346938782,2.64,3.08
570,352,224,12.806248474865697,14.0,8.526796673440174,2.8173746644704534,3.08
571,359,143,12.649110640673518,14.0,9.649209774011158,2.782804340948174,3.08
572,349,263,8.0,14.0,42.857142897959186,1.76,3.08
573,349,264,8.0,14.0,42.857142897959186,1.76,3.08
574,349,265,8.0,14.0,42.857142897959186,1.76,3.08
575,349,266,8.0,14.0,42.857142897959186,1.76,3.08
576,349,267,8.0,14.0,42.857142897959186,1.76,3.08
577,348,279,6.0,14.0,57.14285717346939,1.32,3.08
578,349,268,8.0,14.0,42.857142897959186,1.76,3.08
579,353,222,11.313708498984761,14.0,19.187796493546138,2.4890158697766473,3.08
580,350,257,8.0,14.0,42.857142897959186,1.76,3.08
581,349,269,8.0,14.0,42.857142897959186,1.76,3.08
582,353,223,12.0,14.0,14.285714346938782,2.64,3.08
583,348,281,6.0,13.47476707849887,55.472328682243536,1.32,2.9644487572697513
584,350,258,8.0,13.47476707849887,40.6297715763247,1.76,2.9644487572697513
585,349,270,8.0,13.47476707849887,40.6297715763247,1.76,2.9644487572697513
586,360,143,13.416407864998739,13.47476707849887,0.4331000537288965,2.9516097302997224,2.9644487572697513
587,350,259,8.0,13.47476707849887,40.6297715763247,1.76,2.9644487572697513
588,349,271,8.0,13.47476707849887,40.6297715763247,1.76,2.9644487572697513
589,353,225,12.0,13.416407864998739,10.557280966675087,2.64,2.9516097302997224
590,348,283,6.0,13.416407864998739,55.27864048333755,1.32,2.9516097302997224
591,350,260,8.0,13.416407864998739,40.37152064445005,1.76,2.9516097302997224
592,349,272,8.0,13.416407864998739,40.37152064445005,1.76,2.9516097302997224
593,351,249,8.246211251235321,13.416407864998739,38.53637033052637,1.8141664752717708,2.9516097302997224
594,353,226,11.313708498984761,13.416407864998739,15.672595791697152,2.4890158697766473,2.9516097302997224
595,350,261,8.0,12.867264413879006,37.82672263147372,1.76,2.8307981710533814
596,349,273,8.0,12.867264413879006,37.82672263147372,1.76,2.8307981710533814
597,351,250,8.94427190999916,12.867264413879006,30.48816271001299,1.967739820199815,2.8307981710533814
598,348,285,6.0,12.867264413879006,53.37004197360529,1.32,2.8307981710533814
599,350,262,8.0,12.867264413879006,37.82672263147372,1.76,2.8307981710533814
600,349,274,8.0,12.867264413879006,37.82672263147372,1.76,2.8307981710533814
601,351,251,8.94427190999916,12.664824424092737,29.377055666702624,1.967739820199815,2.7862613733004022
602,348,286,6.0,12.664824424092737,52.62468870986905,1.32,2.7862613733004022
603,349,275,7.211102550927978,12.664824424092737,43.06196198412161,1.5864425612041553,2.7862613733004022
604,351,252,8.246211251235321,12.664824424092737,34.8888625014244,1.8141664752717708,2.7862613733004022
605,348,287,6.0,12.664824424092737,52.62468870986905,1.32,2.7862613733004022
606,349,276,6.324555320336759,12.664824424092737,50.06203715456537,1.391402170474087,2.7862613733004022
607,351,253,8.0,12.664824424092737,36.8329182798254,1.76,2.7862613733004022
608,348,288,6.324555320336759,12.664824424092737,50.06203715456537,1.391402170474087,2.7862613733004022
609,349,277,6.0,12.649110640673518,52.565835134974314,1.32,2.782804340948174
610,351,254,8.0,12.649110640673518,36.75444684663242,1.76,2.782804340948174
611,348,289,7.211102550927978,12.649110640673518,42.9912287901125,1.5864425612041553,2.782804340948174
612,354,220,10.0,12.649110640673518,20.943058558290527,2.2,2.782804340948174
613,349,278,6.0,12.649110640673518,52.565835134974314,1.32,2.782804340948174
614,351,255,8.0,12.649110640673518,36.75444684663242,1.76,2.782804340948174
615,348,290,8.0,12.649110640673518,36.75444684663242,1.76,2.782804340948174
616,352,244,8.246211251235321,12.649110640673518,34.807975999512344,1.8141664752717708,2.782804340948174
617,354,221,10.198039027185569,12.649110640673518,19.377422580752267,2.243568585980825,2.782804340948174
618,351,256,8.0,12.649110640673518,36.75444684663242,1.76,2.782804340948174
619,348,291,8.0,12.649110640673518,36.75444684663242,1.76,2.782804340948174
620,352,245,8.94427190999916,12.649110640673518,29.28932193724695,1.967739820199815,2.782804340948174
621,349,280,6.0,12.649110640673518,52.565835134974314,1.32,2.782804340948174
622,348,292,7.211102550927978,12.21388361860415,40.95978993904914,1.5864425612041553,2.687054396092913
623,352,246,10.0,12.21388361860415,18.125959735029518,2.2,2.687054396092913
624,348,293,6.324555320336759,12.165525060596439,48.01247555172985,1.391402170474087,2.6764155133312166
625,352,247,8.94427190999916,12.165525060596439,26.478537851053495,1.967739820199815,2.6764155133312166
626,349,282,6.0,12.165525060596439,50.68030384893336,1.32,2.6764155133312166
627,361,143,12.649110640673518,12.165525060596439,-3.975048896540301,2.782804340948174,2.6764155133312166
628,348,294,6.0,12.165525060596439,50.68030384893336,1.32,2.6764155133312166
629,352,248,8.246211251235321,12.165525060596439,32.21656111526114,1.8141664752717708,2.6764155133312166
630,353,237,8.0,12.165525060596439,34.240405131911146,1.76,2.6764155133312166
631,348,295,6.0,12.165525060596439,50.68030384893336,1.32,2.6764155133312166
632,349,284,6.0,12.016552506059645,50.06887381400582,1.32,2.643641551333122
633,353,238,8.0,12.016552506059645,33.42516508534109,1.76,2.643641551333122
634,348,296,5.656854249492381,12.0,52.85954796018054,1.2445079348883237,2.64
635,354,227,10.0,12.0,16.666666736111114,2.2,2.64
636,353,239,8.0,12.0,33.333333388888896,1.76,2.64
637,354,228,10.198039027185569,12.0,15.016341510939979,2.243568585980825,2.64
638,353,240,8.0,12.0,33.333333388888896,1.76,2.64
639,354,229,10.0,12.0,16.666666736111114,2.2,2.64
640,353,241,8.0,12.0,33.333333388888896,1.76,2.64
641,355,218,8.94427190999916,12.0,25.464400812120015,1.967739820199815,2.64
642,353,242,8.0,12.0,33.333333388888896,1.76,2.64
643,355,219,10.0,12.0,16.666666736111114,2.2,2.64
644,353,243,8.0,12.0,33.333333388888896,1.76,2.64
645,362,142,13.416407864998739,12.0,-11.803398781819974,2.9516097302997224,2.64
646,354,235,8.246211251235321,12.0,31.281572963637682,1.8141664752717708,2.64
647,354,236,8.246211251235321,11.38233764908629,27.55256874098673,1.8141664752717708,2.5041142827989837
648,349,297,6.0,11.38233764908629,47.286750931955346,1.32,2.5041142827989837
649,356,216,8.94427190999916,11.313708498984761,20.94305856566765,1.967739820199815,2.4890158697766473
650,349,298,6.0,10.309605974365498,41.80184956535691,1.32,2.2681133143604097
651,356,217,10.0,10.198039027185569,1.9419325270618293,2.2,2.243568585980825
652,349,299,6.0,10.198039027185569,41.165159516237104,1.32,2.243568585980825
653,355,230,10.0,10.198039027185569,1.9419325270618293,2.2,2.243568585980825
654,349,300,6.0,10.198039027185569,41.165159516237104,1.32,2.243568585980825
655,355,231,10.198039027185569,10.198039027185569,9.805807277274425e-08,2.243568585980825,2.243568585980825
656,349,301,6.0,10.198039027185569,41.165159516237104,1.32,2.243568585980825
657,355,232,10.0,10.198039027185569,1.9419325270618293,2.2,2.243568585980825
658,355,233,8.94427190999916,10.198039027185569,12.294198155299686,1.967739820199815,2.243568585980825
659,355,234,8.246211251235321,10.198039027185569,19.139246073026495,1.8141664752717708,2.243568585980825
660,363,142,13.416407864998739,10.198039027185569,-31.558702767050463,2.9516097302997224,2.243568585980825
661,357,214,8.94427190999916,10.198039027185569,12.294198155299686,1.967739820199815,2.243568585980825
662,357,215,8.94427190999916,10.198039027185569,12.294198155299686,1.967739820199815,2.243568585980825
663,350,302,6.324555320336759,10.198039027185569,37.9826327662088,1.391402170474087,2.243568585980825
664,350,303,7.211102550927978,10.198039027185569,29.28932195068278,1.5864425612041553,2.243568585980825
665,358,211,8.94427190999916,10.198039027185569,12.294198155299686,1.967739820199815,2.243568585980825
666,350,304,6.324555320336759,10.019803902718559,36.87945018256561,1.391402170474087,2.204356858598083
667,364,142,12.649110640673518,10.198039027185569,-24.034734467582396,2.782804340948174,2.243568585980825
668,358,212,8.94427190999916,10.198039027185569,12.294198155299686,1.967739820199815,2.243568585980825
669,358,213,8.246211251235321,10.019803902718559,17.700871962493625,1.8141664752717708,2.204356858598083
670,360,191,2.0,10.019803902718559,80.03952954147819,0.44,2.204356858598083
671,359,209,8.94427190999916,10.019803902718559,10.734062383737697,1.967739820199815,2.204356858598083
672,359,210,8.94427190999916,10.019803902718559,10.734062383737697,1.967739820199815,2.204356858598083
673,365,141,13.416407864998739,10.198039027185569,-31.558702767050463,2.9516097302997224,2.243568585980825
674,351,305,6.324555320336759,10.019803902718559,36.87945018256561,1.391402170474087,2.204356858598083
675,351,306,7.211102550927978,10.019803902718559,28.031500279415432,1.5864425612041553,2.204356858598083
676,361,191,2.8284271247461903,10.019803902718559,71.77163196621095,0.6222539674441618,2.204356858598083
677,360,207,8.94427190999916,10.019803902718559,10.734062383737697,1.967739820199815,2.204356858598083
678,360,208,8.94427190999916,10.019803902718559,10.734062383737697,1.967739820199815,2.204356858598083
679,366,141,14.0,10.198039027185569,-37.281294462113436,3.08,2.243568585980825
680,362,191,4.47213595499958,10.198039027185569,56.14709907764984,0.9838699100999075,2.243568585980825
681,352,307,6.324555320336759,10.198039027185569,37.9826327662088,1.391402170474087,2.243568585980825
682,352,308,7.211102550927978,10.198039027185569,29.28932195068278,1.5864425612041553,2.243568585980825
683,361,205,8.94427190999916,10.198039027185569,12.294198155299686,1.967739820199815,2.243568585980825
684,361,206,8.94427190999916,10.198039027185569,12.294198155299686,1.967739820199815,2.243568585980825
685,367,141,14.0,10.198039027185569,-37.281294462113436,3.08,2.243568585980825
686,362,202,8.94427190999916,10.198039027185569,12.294198155299686,1.967739820199815,2.243568585980825
687,362,203,10.0,10.198039027185569,1.9419325270618293,2.2,2.243568585980825
688,363,192,6.0,10.198039027185569,41.165159516237104,1.32,2.243568585980825
689,362,204,8.94427190999916,10.198039027185569,12.294198155299686,1.967739820199815,2.243568585980825
690,353,309,6.324555320336759,10.198039027185569,37.9826327662088,1.391402170474087,2.243568585980825
691,368,141,14.0,10.443146188534385,-34.05921677094581,3.08,2.2974921614775647
692,363,200,10.0,10.443146188534385,4.243416592181559,2.2,2.2974921614775647
693,363,201,10.0,10.443146188534385,4.243416592181559,2.2,2.2974921614775647
694,364,193,8.0,10.443146188534385,23.39473327374525,1.76,2.2974921614775647
695,354,310,5.656854249492381,10.443146188534385,45.831896423261064,1.2445079348883237,2.2974921614775647
696,354,311,5.656854249492381,10.443146188534385,45.831896423261064,1.2445079348883237,2.2974921614775647
697,364,198,10.0,10.443146188534385,4.243416592181559,2.2,2.2974921614775647
698,369,141,14.0,12.649110640673518,-10.67971801839327,3.08,2.782804340948174
699,364,199,10.0,12.649110640673518,20.943058558290527,2.2,2.782804340948174
700,365,194,10.0,12.649110640673518,20.943058558290527,2.2,2.782804340948174
701,365,196,10.198039027185569,12.649110640673518,19.377422580752267,2.243568585980825,2.782804340948174
702,355,312,5.656854249492381,12.649110640673518,55.27864048535955,1.2445079348883237,2.782804340948174
703,365,197,10.0,12.649110640673518,20.943058558290527,2.2,2.782804340948174
704,370,141,14.0,12.725840363106046,-10.012381025827398,3.08,2.7996848798833303
705,366,193,12.0,12.725840363106046,5.703673406433651,2.64,2.7996848798833303
706,366,195,11.313708498984761,12.725840363106046,11.096570699610474,2.4890158697766473,2.7996848798833303
707,356,313,5.656854249492381,12.725840363106046,55.54828534980524,1.2445079348883237,2.7996848798833303
708,371,141,14.0,13.416407864998739,-4.349838872212386,3.08,2.9516097302997224
709,367,192,13.416407864998739,13.416407864998739,7.453559991432712e-08,2.9516097302997224,2.9516097302997224
710,357,314,5.656854249492381,13.416407864998739,57.836297895848574,1.2445079348883237,2.9516097302997224
711,372,141,14.0,13.416407864998739,-4.349838872212386,3.08,2.9516097302997224
712,368,191,14.142135623730951,13.47476707849887,-4.952727797437784,3.111269837220809,2.9644487572697513
713,373,141,14.0,14.0,7.142857416653214e-08,3.08,3.08
714,358,315,5.656854249492381,14.0,59.59389824677307,1.2445079348883237,3.08
715,369,189,12.806248474865697,14.0,8.526796673440174,2.8173746644704534,3.08
716,369,190,13.416407864998739,14.0,4.168515318460075,2.9516097302997224,3.08
717,369,192,12.165525060596439,14.0,13.10339248638016,2.6764155133312166,3.08
718,374,141,14.142135623730951,14.0,-1.01525438306731,3.111269837220809,3.08
719,370,188,13.416407864998739,14.0,4.168515318460075,2.9516097302997224,3.08
720,359,316,5.656854249492381,14.0,59.59389824677307,1.2445079348883237,3.08
721,370,193,10.0,14.0,28.57142862244898,2.2,3.08
722,371,186,13.416407864998739,14.0,4.168515318460075,2.9516097302997224,3.08
723,371,187,12.806248474865697,14.0,8.526796673440174,2.8173746644704534,3.08
724,375,141,14.560219778561036,14.0,-4.001569772577707,3.203248351283428,3.08
725,360,317,5.656854249492381,14.0,59.59389824677307,1.2445079348883237,3.08
726,371,194,8.0,14.0,42.857142897959186,1.76,3.08
727,372,185,14.422205101855956,14.0,-3.01575065395987,3.1728851224083106,3.08
728,376,141,14.142135623730951,14.0,-1.01525438306731,3.111269837220809,3.08
729,361,318,5.656854249492381,14.0,59.59389824677307,1.2445079348883237,3.08
730,372,195,6.0,14.0,57.14285717346939,1.32,3.08
731,373,184,15.231546211727817,14.0,-8.796758577486719,3.35094016658012,3.08
732,377,142,14.422205101855956,14.0,-3.01575065395987,3.1728851224083106,3.08
733,362,318,6.324555320336759,14.0,54.82460488700558,1.391402170474087,3.08
734,374,183,15.620499351813308,14.014213562373095,-11.461833167768765,3.436509857398928,3.083126983722081
735,373,196,4.47213595499958,14.014213562373095,68.08856999428266,0.9838699100999075,3.083126983722081
736,378,142,14.560219778561036,14.142135623730951,-2.9563013370689006,3.203248351283428,3.111269837220809
737,363,318,5.656854249492381,14.142135623730951,60.000000028284276,1.2445079348883237,3.111269837220809
738,375,182,16.1245154965971,14.142135623730951,-14.017542429291208,3.5473934092513617,3.111269837220809
739,374,197,4.0,14.142135623730951,71.7157287725381,0.88,3.111269837220809
740,379,143,14.422205101855956,14.170142571543455,-1.7788283982464126,3.1728851224083106,3.11743136573956
741,364,319,5.656854249492381,14.170142571543455,60.07905907128692,1.2445079348883237,3.11743136573956
742,364,320,5.656854249492381,14.170142571543455,60.07905907128692,1.2445079348883237,3.11743136573956
743,376,181,16.97056274847714,14.422205101855956,-17.66968100132116,3.7335238046649706,3.1728851224083106
744,375,198,2.8284271247461903,14.422205101855956,80.38838649977981,0.6222539674441618,3.1728851224083106
745,380,143,15.620499351813308,14.422205101855956,-8.308675619737782,3.436509857398928,3.1728851224083106
746,377,181,18.110770276274835,14.436006569526466,-25.45554185296657,3.9843694607804636,3.1759214452958227
747,365,321,5.656854249492381,14.436006569526466,60.814272158097495,1.2445079348883237,3.1759214452958227
748,376,199,2.8284271247461903,14.436006569526466,80.40713607904874,0.6222539674441618,3.1759214452958227
749,381,143,16.0,14.560219778561036,-9.88845108347951,3.52,3.203248351283428
750,378,180,18.439088914585774,14.62735242187772,-26.05896385186597,4.056599561208871,3.2180175328130987
751,366,321,5.656854249492381,14.62735242187772,61.32687527809701,1.2445079348883237,3.2180175328130987
752,377,200,2.8284271247461903,14.62735242187772,80.66343763904851,0.6222539674441618,3.2180175328130987
753,382,144,17.204650534085253,15.27044152573637,-12.666359344111866,3.785023117498756,3.3594971356620014
754,379,180,19.79898987322333,15.620499351813308,-26.750044378382533,4.355777772109133,3.436509857398928
755,367,322,5.656854249492381,15.620499351813308,63.78570160617642,1.2445079348883237,3.436509857398928
756,378,200,2.0,15.620499351813308,87.19631201490712,0.44,3.436509857398928
757,383,144,18.0,15.65844941663198,-14.95391088587288,3.96,3.4448588716590356
758,380,180,20.396078054371138,16.012451549659712,-27.376360692669486,4.48713717196165,3.5227393409251366
759,368,322,5.656854249492381,16.012451549659712,64.67215386466033,1.2445079348883237,3.5227393409251366
760,384,145,19.697715603592208,16.20912022178511,-21.52242269735387,4.333497432790286,3.566006448792724
761,381,180,20.8806130178211,16.993971527037953,-22.870707252347145,4.593734863920642,3.7386737359483497
762,369,323,5.656854249492381,16.993971527037953,66.71258253455701,1.2445079348883237,3.7386737359483497
763,382,179,21.633307652783937,17.284185480676737,-25.162436288670698,4.759327683612466,3.802520805748882
764,385,146,20.591260281974,18.011077027627483,-14.325535552128166,4.53007726203428,3.9624369460780464
765,370,324,5.656854249492381,18.011077027627483,68.59235992564756,1.2445079348883237,3.9624369460780464
766,383,179,22.80350850198276,18.14360214010593,-25.68346854899275,5.016771870436207,3.9915924708233046
767,386,146,22.090722034374522,18.56495158348643,-18.99154125521727,4.859958847562395,4.084289348367014
768,371,324,5.656854249492381,18.56495158348643,69.52938863855101,1.2445079348883237,4.084289348367014
769,384,179,23.40939982143925,19.70784303055532,-18.782150706532263,5.150067960716635,4.33572546672217
770,387,147,22.627416997969522,19.858698691338116,-13.942093277465585,4.978031739553295,4.368913712094385
771,372,325,5.656854249492381,19.858698691338116,71.51447668063359,1.2445079348883237,4.368913712094385
772,385,178,24.08318915758459,20.415596277131424,-17.964662010704835,5.298301614668611,4.491431180968913
773,388,147,24.08318915758459,20.620195555558713,-16.794184036789694,5.298301614668611,4.536443022222917
774,373,326,5.656854249492381,20.620195555558713,72.56643744475026,1.2445079348883237,4.536443022222917
775,386,178,24.166091947189145,20.955882481317392,-15.318894144409478,5.316540228381612,4.610294145889826
776,389,147,25.298221281347036,21.679049090943,-16.694330842428904,5.565608681896348,4.76939080000746
777,374,327,5.656854249492381,21.679049090943,73.90635436474786,1.2445079348883237,4.76939080000746
778,387,177,24.166091947189145,22.144391530734026,-9.129627259056772,5.316540228381612,4.871766136761486
779,390,148,26.076809620810597,22.645026148370846,-15.15468976913137,5.736898116578331,4.981905752641586
780,388,177,24.73863375370596,22.864097633928413,-8.19860087623152,5.442499425815312,5.030101479464251
781,375,328,6.324555320336759,22.864097633928413,72.33848709521999,1.391402170474087,5.030101479464251
782,391,148,27.784887978899608,23.47677875505379,-18.350512465784384,6.112675355357914,5.164891326111833
783,389,176,24.413111231467404,24.08318915758459,-1.369926804905397,5.370884470922829,5.298301614668611
784,376,329,5.656854249492381,24.08318915758459,76.51119122916505,1.2445079348883237,5.298301614668611
785,392,148,28.635642126552707,24.091479436545047,-18.862115504738487,6.299841267841596,5.30012547603991
786,390,176,25.612496949731394,24.166091947189145,-5.985266443182424,5.634749328940907,5.316540228381612
787,377,329,5.656854249492381,24.166091947189145,76.59177057046028,1.2445079348883237,5.316540228381612
788,393,149,30.0,24.190793875616972,-24.014119345777175,6.6,5.321974652635734
789,391,176,26.0,24.445663483691263,-6.358332252711674,5.72,5.378045966412078
790,378,330,5.656854249492381,24.445663483691263,76.85947754720482,1.2445079348883237,5.378045966412078
791,394,149,31.622776601683793,24.794592506470075,-27.539005049903608,6.957010852370434,5.454810351423417
792,392,175,26.90724809414742,25.329648848185474,-6.228271243689698,5.919594580712432,5.5725227466008045
793,379,331,5.656854249492381,25.329648848185474,77.66706407513296,1.2445079348883237,5.5725227466008045
794,395,149,32.31098884280702,25.651247254758257,-25.962642320314977,7.108417545417544,5.643274396046817
795,393,175,28.0,26.00768096208106,-7.660502411028758,6.16,5.721689811657833
796,380,332,5.656854249492381,26.00768096208106,78.24929390834598,1.2445079348883237,5.721689811657833
797,396,150,34.0,26.159853468144284,-29.970146921525775,7.48,5.755167762991743
798,394,174,28.42534080710379,26.995012082622647,-5.298492586606507,6.253574977562834,5.938902658176983
799,395,170,26.0,26.995012082622647,3.685910897941669,5.72,5.938902658176983
800,381,333,5.656854249492381,26.995012082622647,79.04481676065514,1.2445079348883237,5.938902658176983
801,395,171,26.832815729997478,26.995012082622647,0.6008382662273215,5.903219460599445,5.938902658176983
802,381,334,5.656854249492381,26.995012082622647,79.04481676065514,1.2445079348883237,5.938902658176983
803,395,172,27.784887978899608,27.784887978899608,3.599078812754897e-08,6.112675355357914,6.112675355357914
804,395,173,28.284271247461902,27.80639918100965,-1.718568640152296,6.222539674441618,6.117407819822123
805,397,150,35.4400902933387,28.02842712474619,-26.44337879882115,7.7968198645345135,6.166253967444162
806,395,174,28.635642126552707,28.298378203426093,-1.1918135752620573,6.299841267841596,6.225643204753741
807,396,167,25.298221281347036,28.298378203426093,10.601868804819492,5.565608681896348,6.225643204753741
808,396,168,26.0,28.298378203426093,8.121943229720618,5.72,6.225643204753741
809,396,169,26.076809620810597,28.298378203426093,7.850515587361395,5.736898116578331,6.225643204753741
810,382,335,5.656854249492381,28.298378203426093,80.00997015861319,1.2445079348883237,6.225643204753741
811,398,151,36.05551275463989,28.446370939048684,-26.74907748063966,7.932212806020776,6.258201606590711
812,396,175,27.202941017470888,28.446370939048684,4.371137301854599,5.984647023843595,6.258201606590711
813,397,164,26.076809620810597,28.446370939048684,8.329924869791983,5.736898116578331,6.258201606590711
814,397,165,26.0,28.446370939048684,8.599940405159124,5.72,6.258201606590711
815,397,166,25.298221281347036,28.446370939048684,11.066964124669587,5.565608681896348,6.258201606590711
816,398,158,29.732137494637012,28.635642126552707,-3.829127884946759,6.541070248820143,6.299841267841596
817,398,159,29.120439557122072,28.684121869609648,-1.5211122004839428,6.406496702566856,6.310506811314123
818,398,160,28.635642126552707,28.684121869609648,0.1690125054565561,6.299841267841596,6.310506811314123
819,398,161,27.784887978899608,28.684121869609648,3.1349535624071834,6.112675355357914,6.310506811314123
820,398,162,26.832815729997478,28.684121869609648,6.45411477953658,5.903219460599445,6.310506811314123
821,383,336,5.656854249492381,28.684121869609648,80.27879579777688,1.2445079348883237,6.310506811314123
822,399,151,37.73592452822641,29.181609350873572,-29.31406236567058,8.301903396209811,6.419954057192186
823,398,163,26.0,29.181609350873572,10.902789224296328,5.72,6.419954057192186
824,397,176,26.0,29.181609350873572,10.902789224296328,5.72,6.419954057192186
825,399,154,34.92849839314596,29.758923745173313,-17.371510745827834,7.684269646492111,6.546963223938129
826,399,155,34.0,30.162277660168392,-12.723582654460008,7.48,6.635701085237046
827,399,156,32.55764119219941,31.691597825796123,-2.7327222845958232,7.162681062283871,6.972151521675147
828,399,157,31.11269837220809,31.691597825796123,1.8266654353860212,6.84479364188578,6.972151521675147
829,384,337,5.656854249492381,31.691597825796123,82.15030280643381,1.2445079348883237,6.972151521675147
830,400,152,37.73592452822641,32.33565407774626,-16.700668636007588,8.301903396209811,7.113843897104178
831,400,153,36.05551275463989,32.701877072979485,-10.255177900493951,7.932212806020776,7.194412956055487
832,401,151,38.0,34.0,-11.764705849480972,8.36,7.48
833,385,338,5.656854249492381,34.0,83.36219338873941,1.2445079348883237,7.48
834,402,151,37.57658845611187,34.0928498393146,-10.218384858393703,8.266849460344611,7.500426964649213
835,386,339,5.656854249492381,34.0928498393146,83.40750546083756,1.2445079348883237,7.500426964649213
836,403,151,36.71511950137164,34.979657583165235,-4.961346186949234,8.07732629030176,7.695524668296351
837,387,340,5.656854249492381,34.979657583165235,83.82816002579257,1.2445079348883237,7.695524668296351
838,404,151,35.77708763999664,35.473790028004494,-0.8549906893715153,7.87095928079926,7.804233806160989
839,388,341,4.47213595499958,35.473790028004494,87.39312616382855,0.9838699100999075,7.804233806160989
840,388,342,5.656854249492381,35.473790028004494,84.05342580132553,1.2445079348883237,7.804233806160989
841,388,343,4.47213595499958,35.473790028004494,87.39312616382855,0.9838699100999075,7.804233806160989
842,387,357,6.0,35.473790028004494,83.08610387113427,1.32,7.804233806160989
843,387,358,6.0,35.473790028004494,83.08610387113427,1.32,7.804233806160989
844,405,150,34.92849839314596,35.473790028004494,1.5371677068459433,7.684269646492111,7.804233806160989
845,387,359,5.656854249492381,35.473790028004494,84.05342580132553,1.2445079348883237,7.804233806160989
846,387,360,4.47213595499958,35.473790028004494,87.39312616382855,0.9838699100999075,7.804233806160989
847,387,361,4.0,35.473790028004494,88.72406924742285,0.88,7.804233806160989
848,387,362,4.0,35.473790028004494,88.72406924742285,0.88,7.804233806160989
849,387,363,4.0,35.473790028004494,88.72406924742285,0.88,7.804233806160989
850,387,364,2.8284271247461903,35.473790028004494,92.02671290066277,0.6222539674441618,7.804233806160989
851,387,365,2.0,35.473790028004494,94.36203462371142,0.44,7.804233806160989
852,388,354,6.324555320336759,35.473790028004494,82.17118804175982,1.391402170474087,7.804233806160989
853,388,355,7.211102550927978,35.473790028004494,79.67202674650092,1.5864425612041553,7.804233806160989
854,389,344,5.656854249492381,35.473790028004494,84.05342580132553,1.2445079348883237,7.804233806160989
855,388,356,6.324555320336759,35.473790028004494,82.17118804175982,1.391402170474087,7.804233806160989
856,389,345,6.0,35.473790028004494,83.08610387113427,1.32,7.804233806160989
857,389,346,6.0,35.473790028004494,83.08610387113427,1.32,7.804233806160989
858,389,347,6.0,35.473790028004494,83.08610387113427,1.32,7.804233806160989
859,406,150,34.17601498127012,35.473790028004494,3.6584054180396675,7.518723295879426,7.804233806160989
860,389,349,6.0,35.473790028004494,83.08610387113427,1.32,7.804233806160989
861,389,350,6.0,35.473790028004494,83.08610387113427,1.32,7.804233806160989
862,389,351,6.0,35.473790028004494,83.08610387113427,1.32,7.804233806160989
863,389,352,6.324555320336759,35.473790028004494,82.17118804175982,1.391402170474087,7.804233806160989
864,389,353,6.324555320336759,35.473790028004494,82.17118804175982,1.391402170474087,7.804233806160989
865,390,348,6.0,35.473790028004494,83.08610387113427,1.32,7.804233806160989
866,407,151,33.52610922848042,35.473790028004494,5.49047848407922,7.375744030265693,7.804233806160989
867,408,151,32.984845004941285,35.473790028004494,7.016292959947901,7.256665901087083,7.804233806160989
868,409,151,32.55764119219941,35.473790028004494,8.220573112376472,7.162681062283871,7.804233806160989
869,410,151,32.2490309931942,35.473790028004494,9.090539920756946,7.094786818502723,7.804233806160989
870,411,151,32.0624390837628,35.473790028004494,9.61653928319185,7.0537365984278155,7.804233806160989
871,412,151,32.0,35.473790028004494,9.792553979382756,7.04,7.804233806160989
872,413,151,32.0,35.473790028004494,9.792553979382756,7.04,7.804233806160989
873,414,151,31.304951684997057,35.473790028004494,11.751883146799912,6.887089370699353,7.804233806160989
874,415,151,30.463092423455635,35.473790028004494,14.125069830939118,6.70188033316024,7.804233806160989
875,416,152,30.265491900843113,35.473790028004494,14.682102283352084,6.6584082181854845,7.804233806160989
876,417,152,30.463092423455635,35.473790028004494,14.125069830939118,6.70188033316024,7.804233806160989
877,418,152,29.5296461204668,35.473790028004494,16.756438799376927,6.496522146502696,7.804233806160989
878,419,153,29.732137494637012,35.473790028004494,16.185619121092554,6.541070248820143,7.804233806160989
879,420,153,29.732137494637012,35.473790028004494,16.185619121092554,6.541070248820143,7.804233806160989
880,421,154,29.5296461204668,35.473790028004494,16.756438799376927,6.496522146502696,7.804233806160989
881,422,154,30.463092423455635,35.473790028004494,14.125069830939118,6.70188033316024,7.804233806160989
882,423,154,29.5296461204668,35.473790028004494,16.756438799376927,6.496522146502696,7.804233806160989
883,424,155,30.463092423455635,35.473790028004494,14.125069830939118,6.70188033316024,7.804233806160989
884,425,155,29.5296461204668,35.473790028004494,16.756438799376927,6.496522146502696,7.804233806160989
885,426,156,29.732137494637012,35.01335731783103,15.083443109284866,6.541070248820143,7.7029386099228265
886,427,156,29.5296461204668,35.01335731783103,15.66176918145864,6.496522146502696,7.7029386099228265
887,428,157,29.120439557122072,35.01335731783103,16.83048476480963,6.406496702566856,7.7029386099228265
888,429,157,29.732137494637012,35.01335731783103,15.083443109284866,6.541070248820143,7.7029386099228265
889,430,157,29.120439557122072,35.01335731783103,16.83048476480963,6.406496702566856,7.7029386099228265
890,431,158,29.5296461204668,35.01335731783103,15.66176918145864,6.496522146502696,7.7029386099228265
891,432,158,29.732137494637012,34.92849839314596,14.877137999270296,6.541070248820143,7.684269646492111
892,433,159,29.5296461204668,34.92849839314596,15.45686911691827,6.496522146502696,7.684269646492111
893,434,159,30.463092423455635,34.92849839314596,12.784420126369167,6.70188033316024,7.684269646492111
894,435,159,29.5296461204668,34.92849839314596,15.45686911691827,6.496522146502696,7.684269646492111
895,436,160,29.732137494637012,34.92849839314596,14.877137999270296,6.541070248820143,7.684269646492111
896,437,160,29.5296461204668,34.92849839314596,15.45686911691827,6.496522146502696,7.684269646492111
897,438,161,29.120439557122072,34.92849839314596,16.628424099390326,6.406496702566856,7.684269646492111
898,439,161,29.5296461204668,34.92849839314596,15.45686911691827,6.496522146502696,7.684269646492111
899,440,161,28.635642126552707,34.92849839314596,18.01639510511126,6.299841267841596,7.684269646492111
900,441,162,29.120439557122072,34.92849839314596,16.628424099390326,6.406496702566856,7.684269646492111
901,442,162,28.635642126552707,34.92849839314596,18.01639510511126,6.299841267841596,7.684269646492111
902,443,163,28.0,34.25126332245771,18.251190537937887,6.16,7.535277930940696
903,444,163,28.071337695236398,34.25126332245771,18.042912978818492,6.175694292952008,7.535277930940696
904,445,163,28.284271247461902,34.25126332245771,17.421232107784114,6.222539674441618,7.535277930940696
905,446,163,28.284271247461902,34.017601498127014,16.854010884028337,6.222539674441618,7.4838723295879435
906,447,163,27.85677655436824,33.5910998037594,17.070960138799318,6.128490841961012,7.390041956827067
907,448,164,27.85677655436824,33.5910998037594,17.070960138799318,6.128490841961012,7.390041956827067
908,449,164,27.784887978899608,33.5910998037594,17.284970921022015,6.112675355357914,7.390041956827067
909,450,165,26.0,33.5910998037594,22.598545018909967,5.72,7.390041956827067
910,451,166,24.08318915758459,33.0389714272952,27.106722425387318,5.298301614668611,7.268573714004945
911,451,167,22.090722034374522,32.600361573473606,32.23780055993867,4.859958847562395,7.172079546164193
912,451,168,20.09975124224178,32.279892013094724,37.73290434843659,4.421945273293192,7.1015762428808396
913,451,169,18.110770276274835,32.279892013094724,43.894576031055365,3.9843694607804636,7.1015762428808396
914,451,170,16.1245154965971,32.08109827470594,49.73826845484227,3.5473934092513617,7.0578416204353065
915,451,171,14.142135623730951,32.08109827470594,55.91754528406233,3.111269837220809,7.0578416204353065
916,451,173,10.198039027185569,32.00624390837628,68.1373451592975,2.243568585980825,7.0413736598427805
917,451,175,6.324555320336759,32.00624390837628,80.23962031762953,1.391402170474087,7.0413736598427805
918,451,176,4.47213595499958,32.0,86.02457514499363,0.9838699100999075,7.04
919,452,165,24.08318915758459,32.0,24.740033906066895,5.298301614668611,7.04
920,451,177,2.8284271247461903,32.0,91.16116523793029,0.6222539674441618,7.04
921,451,178,2.0,32.0,93.75000000195313,0.44,7.04
922,452,172,12.0,32.0,62.50000001171875,2.64,7.04
923,452,174,8.0,32.0,75.0000000078125,1.76,7.04
924,453,165,22.360679774997898,31.374456516497357,28.729666580477197,4.919349550499538,6.9023804336294186
925,453,173,10.0,31.374456516497357,68.1269379389744,2.2,6.9023804336294186
926,453,175,6.0,31.374456516497357,80.87616276338464,1.32,6.9023804336294186
927,454,166,21.540659228538015,31.374456516497357,31.343323157340397,4.738945030278363,6.9023804336294186
928,454,176,4.47213595499958,31.374456516497357,85.74593331609543,0.9838699100999075,6.9023804336294186
929,454,177,2.8284271247461903,31.374456516497357,90.98493667178764,0.6222539674441618,6.9023804336294186
930,455,166,19.697715603592208,31.374456516497357,37.217348810627314,4.333497432790286,6.9023804336294186
931,454,178,2.0,31.374456516497357,93.62538758779489,0.44,6.9023804336294186
932,456,167,18.439088914585774,31.374456516497357,41.22897746766384,4.056599561208871,6.9023804336294186
933,457,168,16.1245154965971,31.374456516497357,48.606231687299164,3.5473934092513617,6.9023804336294186
934,458,169,14.0,31.374456516497357,55.377713114564166,3.08,6.9023804336294186
935,459,168,14.422205101855956,31.374456516497357,54.032016173170504,3.1728851224083106,6.9023804336294186
936,459,170,12.0,31.374456516497357,61.75232552676928,2.64,6.9023804336294186
937,460,168,12.806248474865697,31.374456516497357,59.18256475916912,2.8173746644704534,6.9023804336294186
938,460,171,10.198039027185569,31.374456516497357,67.49572691857533,2.243568585980825,6.9023804336294186
939,460,172,8.246211251235321,30.547278349609783,73.00508688807241,1.8141664752717708,6.720401236914152
940,461,168,11.313708498984761,30.547278349609783,62.963284762075666,2.4890158697766473,6.720401236914152
941,461,173,7.211102550927978,30.547278349609783,76.39363328530557,1.5864425612041553,6.720401236914152
942,462,168,10.0,30.547278349609783,67.26385937798571,2.2,6.720401236914152
943,462,174,6.324555320336759,30.547278349609783,79.29584676617472,1.391402170474087,6.720401236914152
944,463,168,8.48528137423857,30.547278349609783,72.22246357155674,1.8667619023324853,6.720401236914152
945,463,175,5.656854249492381,30.547278349609783,81.48164238103783,1.2445079348883237,6.720401236914152
946,464,168,7.211102550927978,30.463092423455635,76.32839618407063,1.5864425612041553,6.70188033316024
947,464,176,4.47213595499958,30.463092423455635,85.31949451695152,0.9838699100999075,6.70188033316024
948,464,177,5.656854249492381,30.463092423455635,81.43046618839055,1.2445079348883237,6.70188033316024
949,465,168,5.656854249492381,30.463092423455635,81.43046618839055,1.2445079348883237,6.70188033316024
950,465,178,6.324555320336759,30.285251953104368,79.11671552859531,1.391402170474087,6.662755429682961
951,466,168,4.47213595499958,29.785472935257626,84.98551302771365,0.9838699100999075,6.552804045756678
952,466,179,7.211102550927978,29.732137494637012,75.74643750452405,1.5864425612041553,6.541070248820143
953,467,179,6.324555320336759,29.732137494637012,78.72821851657862,1.391402170474087,6.541070248820143
954,468,180,6.0,29.732137494637012,79.81981618689795,1.32,6.541070248820143
955,469,179,6.324555320336759,29.732137494637012,78.72821851657862,1.391402170474087,6.541070248820143
956,470,179,7.211102550927978,29.732137494637012,75.74643750452405,1.5864425612041553,6.541070248820143
957,471,179,7.211102550927978,29.732137494637012,75.74643750452405,1.5864425612041553,6.541070248820143
958,472,179,6.324555320336759,29.549895257883822,78.59702965779857,1.391402170474087,6.500976956734441
959,473,180,6.0,29.5296461204668,79.68143616252284,1.32,6.496522146502696
960,474,180,6.0,29.5296461204668,79.68143616252284,1.32,6.496522146502696
961,475,179,6.0,29.5296461204668,79.68143616252284,1.32,6.496522146502696
962,476,179,6.0,29.5296461204668,79.68143616252284,1.32,6.496522146502696
963,477,179,5.656854249492381,29.5296461204668,80.8434743020642,1.2445079348883237,6.496522146502696
964,478,179,4.47213595499958,29.5296461204668,84.85543668474402,0.9838699100999075,6.496522146502696
965,479,179,4.0,29.5296461204668,86.45429077501522,0.88,6.496522146502696
966,480,179,4.0,29.5296461204668,86.45429077501522,0.88,6.496522146502696
967,481,179,4.0,29.5296461204668,86.45429077501522,0.88,6.496522146502696
968,482,179,4.0,29.161360213456547,86.28321872042677,0.88,6.41549924696044
969,483,180,4.47213595499958,29.161360213456547,84.66417231318886,0.9838699100999075,6.41549924696044
970,484,180,5.656854249492381,29.120439557122072,80.57428275952554,1.2445079348883237,6.406496702566856
971,485,180,6.0,28.684121869609648,79.08250416316508,1.32,6.310506811314123
972,486,180,6.0,28.635642126552707,79.04709113422973,1.32,6.299841267841596
973,487,180,6.0,28.319408335370987,78.81311669076328,1.32,6.230269833781617
974,488,180,6.0,28.284271247461902,78.78679657190358,1.32,6.222539674441618
975,489,180,6.0,28.09263105045895,78.64208593674537,1.32,6.1803788311009695
976,490,180,6.0,28.00713376952364,78.5768867059625,1.32,6.161569429295201
977,491,180,5.656854249492381,27.871098898931415,79.70351198574515,1.2445079348883237,6.131641757764911
978,492,180,4.47213595499958,27.85677655436824,83.94596752906467,0.9838699100999075,6.128490841961012
979,493,181,4.0,27.792076836446473,85.60740882338398,0.88,6.114256904018224
980,494,181,4.0,26.178488797889976,84.72027919810851,0.88,5.759267535535795
