curve_idx,y,x,diameter_px,ref_diameter_px,percent_diameter_stenosis,intensity,ref_intensity,percent_intensity_drop,diameter_mm,ref_diameter_mm
0,494,351,5.0990195,6.0,15.016341351051054,0.46976256,0.4695505350828171,-0.04515352497138636,1.1217843,1.32
1,493,351,4.0,6.0,33.33333344444445,0.46952698,0.4695505350828171,0.005019424659236105,0.88,1.32
2,492,351,4.472136,6.0,25.464399779885994,0.46917492,0.4695505350828171,0.07999640808574737,0.9838699,1.32
3,491,351,4.472136,6.0,25.464399779885994,0.46768707,0.4695505350828171,0.39686349693576206,0.9838699,1.32
4,490,351,4.472136,6.0,25.464399779885994,0.46382895,0.4695505350828171,1.2185256778759257,0.9838699,1.32
5,489,350,4.472136,6.0,25.464399779885994,0.45900422,0.4695505350828171,2.246046106547861,0.9838699,1.32
6,488,350,4.472136,6.0,25.464399779885994,0.45670494,0.4695505350828171,2.735722670362206,0.9838699,1.32
7,487,349,4.472136,6.0,25.464399779885994,0.45887572,0.4695505350828171,2.2734143239807825,0.9838699,1.32
8,486,348,4.472136,6.0,25.464399779885994,0.4641869,0.4695505350828171,1.142291990587696,0.9838699,1.32
9,485,347,5.3851647,6.0,10.247254521230975,0.46918145,0.4695505350828171,0.07860641745082164,1.1847363,1.32
10,484,347,5.3851647,6.0,10.247254521230975,0.47077203,0.4695505350828171,-0.2601387431736102,1.1847363,1.32
11,483,347,5.3851647,6.0,10.247254521230975,0.4684086,0.4695505350828171,0.24319654140039226,1.1847363,1.32
12,482,347,5.0990195,6.0,15.016341351051054,0.46410125,0.4695505350828171,1.1605332375501765,1.1217843,1.32
13,481,347,5.0,6.0,16.66666680555555,0.46021792,0.4695505350828171,1.9875649713540278,1.1,1.32
14,480,346,5.0,6.0,16.66666680555555,0.4578545,0.4695505350828171,2.49090025592803,1.1,1.32
15,479,347,5.0,6.0,16.66666680555555,0.45642984,0.4695505350828171,2.7943117276728158,1.1,1.32
16,478,347,6.0,6.0,1.6666666935449825e-07,0.45455337,0.4695505350828171,3.193943555698453,1.3199999,1.32
17,477,347,5.0990195,6.0,15.016341351051054,0.45287812,0.4695505350828171,3.5507205126417474,1.1217843,1.32
18,476,348,6.0,6.0,1.6666666935449825e-07,0.45453194,0.4695505350828171,3.1985070409336736,1.3199999,1.32
19,475,348,6.3245554,6.0,-5.409256441546106,0.46127802,0.4695505350828171,1.7617962185000113,1.3914021,1.32
20,474,348,6.3245554,6.0,-5.409256441546106,0.4702769,0.46976256370544434,-0.10948477136225598,1.3914021,1.32
21,473,348,5.0,6.0,16.66666680555555,0.47690326,0.4702254593372345,-1.4201252063948289,1.1,1.32
22,472,349,5.0,6.0,16.66666680555555,0.48072958,0.4706730008125305,-2.1366360258570527,1.1,1.32
23,471,348,5.0,6.0,16.66666680555555,0.48358008,0.47506389021873474,-1.7926393548945985,1.1,1.32
24,470,348,5.0,6.0,16.66666680555555,0.48333898,0.47919905185699463,-0.8639248987255765,1.1,1.32
25,469,349,5.0,6.0,16.66666680555555,0.47720757,0.4789685755968094,0.3676680228481888,1.1,1.32
26,468,348,6.0,6.0,1.6666666935449825e-07,0.4679552,0.47861637473106383,2.227500605273225,1.3199999,1.32
27,467,348,6.3245554,6.097366619110107,-3.726014552560075,0.4612243,0.4782641738653183,3.5628626796314733,1.3914021,1.3414206562042237
28,466,348,7.0,6.324555397033691,-10.679716588696975,0.4588622,0.4779119729995728,3.9860472637237354,1.54,1.391402187347412
29,465,348,7.28011,6.324555397033691,-15.108642644799186,0.45793304,0.4775597721338272,4.109798269234888,1.6016241,1.391402187347412
30,464,347,6.3245554,6.324555397033691,1.5811387754638417e-07,0.45578042,0.47720757126808167,4.4901140262854415,1.3914021,1.391402187347412
31,463,347,6.3245554,6.324555397033691,1.5811387754638417e-07,0.45268416,0.4771771401166916,5.132891644845261,1.3914021,1.391402187347412
32,462,347,6.3245554,6.324555397033691,1.5811387754638417e-07,0.4498495,0.47714670896530154,5.720930592058293,1.3914021,1.391402187347412
33,461,347,7.28011,6.324555397033691,-15.108642644799186,0.44856626,0.4771162778139114,5.983872399552814,1.6016241,1.391402187347412
34,460,346,7.28011,6.7298221588134775,-8.176853707833986,0.450164,0.47708584666252135,5.642981452370888,1.6016241,1.4805608749389652
35,459,347,7.28011,7.140054941177368,-1.9615385614682568,0.4549149,0.4770554155111313,4.641080815112142,1.6016241,1.570812087059021
36,458,346,7.28011,7.280109882354736,1.373605673649081e-07,0.46071076,0.4770249843597412,3.419994889442557,1.6016241,1.601624174118042
37,457,346,7.28011,7.280109882354736,1.373605673649081e-07,0.46353933,0.47699455320835116,2.820835308150238,1.6016241,1.601624174118042
38,456,346,7.28011,7.280109882354736,1.373605673649081e-07,0.46180424,0.47696412205696104,3.1784132382409958,1.6016241,1.601624174118042
39,455,346,7.0,7.280109882354736,3.8476052765205604,0.45864227,0.476933690905571,3.835213726672859,1.54,1.601624174118042
40,454,345,6.3245554,7.280109882354736,13.125550430557754,0.4575573,0.4769032597541809,4.05658341820293,1.3914021,1.601624174118042
41,453,345,7.0,7.280109882354736,3.8476052765205604,0.458195,0.47629013657569885,3.7991853954731813,1.54,1.601624174118042
42,452,345,6.0,7.280109882354736,17.583661665589055,0.45800972,0.4756770133972168,3.7141385182758335,1.3199999,1.601624174118042
43,451,345,6.0,7.280109882354736,17.583661665589055,0.45566744,0.47506389021873474,4.082916863796571,1.3199999,1.601624174118042
44,450,345,6.0,7.280109882354736,17.583661665589055,0.45150638,0.4744507670402527,4.835991821302588,1.3199999,1.601624174118042
45,449,345,6.3245554,7.280109882354736,13.125550430557754,0.4467778,0.47383764386177063,5.710787831316755,1.3914021,1.601624174118042
46,448,345,5.3851647,7.280109882354736,26.029073498510126,0.4436286,0.4732245206832886,6.254097068912423,1.1847363,1.601624174118042
47,447,346,5.3851647,7.280109882354736,26.029073498510126,0.44383368,0.4726113975048065,6.08908885545969,1.1847363,1.601624174118042
48,446,346,4.472136,7.280109882354736,38.57048744062437,0.44684896,0.47199827432632446,5.328266315951136,0.9838699,1.601624174118042
49,445,347,5.8309517,7.280109882354736,19.905718774970037,0.45098063,0.4713851511478424,4.32863172886443,1.2828094,1.601624174118042
50,444,347,4.472136,7.280109882354736,38.57048744062437,0.45585632,0.47077202796936035,3.168351882475995,0.9838699,1.601624174118042
51,443,348,5.656854,7.280109882354736,22.297132374058904,0.4616152,0.4707225143909454,1.9347533011369933,1.2445079,1.601624174118042
52,442,349,7.071068,7.280109882354736,2.871413830108105,0.467086,0.4706730008125305,0.7621051984381122,1.5556349,1.601624174118042
53,441,350,7.2111025,7.280109882354736,0.9478896296670869,0.4709231,0.47087777554988863,-0.009622537534248465,1.5864426,1.601624174118042
54,440,351,7.615773,7.280109882354736,-4.610690135138373,0.47308958,0.4722229838371277,-0.18351116775314757,1.6754701,1.601624174118042
55,440,352,9.486833,7.280109882354736,-30.31166780430128,0.47420567,0.4736476242542267,-0.11781722241435144,2.0871031,1.601624174118042
56,440,353,11.18034,7.280109882354736,-53.573778123508035,0.47503558,0.47453763484954836,-0.10493017115131842,2.4596748,1.601624174118042
57,439,354,15.0,7.280109882354736,-106.04084583602736,0.4765737,0.47549701631069186,-0.22643240713400292,3.3,1.601624174118042
58,439,355,13.152946,7.280109882354736,-80.6696144240987,0.48124316,0.4766396164894104,-0.9658317525423232,2.8936481,1.601624174118042
59,440,356,13.152946,7.31367621421814,-79.84042592169945,0.49207878,0.476933690905571,-3.1755105989788923,2.8936481,1.609008767127991
60,440,357,16.0,7.6157732009887695,-110.09028967555996,0.5061703,0.47720757126808167,-6.069201893671594,3.52,1.6754701042175293
61,441,358,32.140316,9.299726676940915,-245.60495261279368,0.5144658,0.48037737905979155,-7.096174921000231,7.0708694,2.0459398689270016
62,442,359,0.0,9.112620735168464,100.0,0.5122683,0.48114044666290284,-6.469596919332665,0.0,2.0047765617370623
63,442,360,20.396078,10.672287654876714,-91.11252198407477,0.5032443,0.4827102363109589,-4.253904834441347,4.4871373,2.347903284072877
64,441,361,13.928389,12.363903808593752,-12.65364726175331,0.49417892,0.4834836423397064,-2.2121262203602,3.0642455,2.7200588378906256
65,440,362,10.29563,12.166643142700195,15.378216277082679,0.49068186,0.4871309697628021,-0.728936827129778,2.2650387,2.676661491394043
66,439,363,8.602325,11.969382476806638,28.13058276870075,0.49438658,0.4912406265735626,-0.6404085409232874,1.8925116,2.6332641448974603
67,438,364,7.071068,11.772121810913095,39.93378663906715,0.5024025,0.49270882308483127,-1.9674198393072828,1.5556349,2.5898667984008807
68,437,365,5.656854,11.574861145019536,51.128103595209865,0.5105171,0.49422045350074767,-3.297446800390502,1.2445079,2.546469451904298
69,436,366,5.0,11.377600479125979,56.05400273301302,0.51624006,0.49518817365169526,-4.251288171397372,1.1,2.5030721054077154
70,435,367,5.0,11.180339813232422,55.2786401929381,0.51948464,0.5024024844169617,-3.4000915482411687,1.1,2.4596747589111327
71,434,367,4.472136,11.091868877410887,59.68095128012006,0.52088004,0.5031601011753082,-3.521728359969334,0.9838699,2.440211153030395
72,433,367,5.8309517,11.003397941589354,47.00771783109423,0.5205587,0.5055850744247437,-2.9616440245525677,1.2828094,2.420747547149658
73,432,368,5.3851647,10.914927005767824,50.662384366638946,0.518809,0.5092130661010742,-1.8844654366805047,1.1847363,2.4012839412689213
74,431,368,5.3851647,10.826456069946296,50.2592104199611,0.5164118,0.5115678310394287,-0.9468813093810313,1.1847363,2.381820335388185
75,430,369,4.472136,10.737985134124756,58.35218655422232,0.51490986,0.5133670568466187,-0.30052504825501813,0.9838699,2.362356729507446
76,429,369,5.3851647,10.649514198303228,49.432766299304966,0.51647216,0.5146434307098389,-0.35533729990444574,1.1847363,2.3428931236267103
77,428,370,4.472136,10.561043262481688,57.65441059868402,0.5220254,0.5153089225292206,-1.3033878140710664,0.9838699,2.3234295177459714
78,427,370,5.3851647,10.472572326660158,48.57839540673141,0.5295776,0.5162744045257568,-2.576768861063039,1.1847363,2.3039659118652347
79,426,371,5.8309517,10.38410139083863,43.84731556836575,0.5358152,0.516417819261551,-3.7561348557965335,1.2828094,2.2845023059844984
80,425,371,5.3851647,10.38410139083863,48.14029129890329,0.5389428,0.516705846786499,-4.303600742033042,1.1847363,2.2845023059844984
81,424,372,4.472136,10.38410139083863,56.932854870819874,0.53845865,0.5188765823841095,-3.773932616558451,0.9838699,2.2845023059844984
82,423,372,5.3851647,10.38410139083863,48.14029129890329,0.5350318,0.5195920467376709,-2.971511701117713,1.1847363,2.2845023059844984
83,422,373,4.472136,10.38410139083863,56.932854870819874,0.5317997,0.5205908477306366,-2.1530951104949514,0.9838699,2.2845023059844984
84,421,374,5.8309517,10.38410139083863,43.84731556836575,0.5298547,0.5209945797920227,-1.7006174827970844,1.2828094,2.2845023059844984
85,420,374,5.3851647,10.38410139083863,48.14029129890329,0.52122116,0.5213015854358674,0.015429560910562579,1.1847363,2.2845023059844984
86,419,374,6.3245554,10.38410139083863,39.09385942125995,0.49253303,0.5213015854358674,5.518603350149098,1.3914021,2.2845023059844984
87,418,375,20.880613,11.377600479125993,-83.52387524050229,0.4435064,0.5213015854358674,14.923262514568613,4.5937347,2.5030721054077185
88,417,376,14.035668,13.152946472167969,-6.711210238228271,0.39953256,0.5213015854358674,23.358654561615367,3.087847,2.893648223876953
89,416,377,11.045361,13.152946472167969,16.02367895163087,0.38866672,0.5213015854358674,25.443021352494167,2.4299793,2.893648223876953
90,415,376,9.219544,13.152946472167969,29.905102075759903,0.40857056,0.5213015854358674,21.624917051883095,2.0282998,2.893648223876953
91,414,375,8.246211,13.152946472167969,37.305218544600095,0.4348116,0.5213015854358674,16.591164134362792,1.8141664,2.893648223876953
92,413,375,8.602325,13.152946472167969,34.59773100182778,0.4514316,0.5213015854358674,13.402988559403772,1.8925116,2.893648223876953
93,412,374,8.485281,13.152946472167969,35.487603465090835,0.45914957,0.5213015854358674,11.922469968829896,1.8667618,2.893648223876953
94,411,373,9.433981,13.152946472167969,28.2747713254781,0.4646499,0.5213015854358674,10.86735779038468,2.0754757,2.893648223876953
95,411,372,9.848858,13.152946472167969,25.120520386886668,0.47320798,0.5213015854358674,9.2256796185886,2.1667488,2.893648223876953
96,411,371,11.7046995,13.152946472167969,11.010817749734137,0.48631588,0.5213015854358674,6.711224269535698,2.575034,2.893648223876953
97,411,370,5.0990195,13.152946472167969,61.232872540397935,0.49805224,0.5213015854358674,4.4598666532755455,1.1217843,2.893648223876953
98,411,369,4.0,13.152946472167969,69.58856325141308,0.49643898,0.5213015854358674,4.769334210945653,0.88,2.893648223876953
99,411,368,3.0,13.152946472167969,77.19142243855981,0.47529477,0.5213015854358674,8.825376140874507,0.65999997,2.893648223876953
100,411,367,2.0,13.152946472167969,84.79428162570655,0.44554055,0.5213015854358674,14.533055092918312,0.44,2.893648223876953
101,411,366,2.0,13.152946472167969,84.79428162570655,0.42903903,0.5213015854358674,17.698500249468697,0.44,2.893648223876953
102,411,365,25.495098,13.230490684509284,-92.69956574319845,0.4374358,0.5213015854358674,16.087767690058406,5.6089215,2.910707950592043
103,410,364,2.0,13.230490684509284,84.88340269321976,0.46132216,0.5213015854358674,11.505707518631281,0.44,2.910707950592043
104,409,363,11.18034,13.230490684509284,15.495652645201474,0.4830313,0.5213015854358674,7.341295917838719,2.4596748,2.910707950592043
105,409,362,2.0,13.230490684509284,84.88340269321976,0.49494275,0.5213015854358674,5.056351478603016,0.44,2.910707950592043
106,409,361,2.0,13.230490684509284,84.88340269321976,0.5019126,0.5213015854358674,3.7193443803108406,0.44,2.910707950592043
107,409,360,2.0,13.230490684509284,84.88340269321976,0.50972617,0.5213015854358674,2.2204859551658074,0.44,2.910707950592043
108,409,359,3.0,13.230490684509284,77.32510403982965,0.5171898,0.5213015854358674,0.7887554407235542,0.65999997,2.910707950592043
109,409,358,4.0,13.230490684509284,69.76680538643953,0.51939744,0.5213015854358674,0.365269909023791,0.88,2.910707950592043
110,409,357,4.0,13.230490684509284,69.76680538643953,0.5129708,0.5213015854358674,1.5980749609542322,0.88,2.910707950592043
111,409,356,7.0,13.230490684509284,47.09190942626918,0.49725333,0.5213015854358674,4.613119753446659,1.54,2.910707950592043
112,409,355,20.0,13.939116573333742,-43.48111575387017,0.47561598,0.5213015854358674,8.763759327592746,4.4,3.0666056461334232
113,410,354,14.035668,14.03566837310791,7.124705270200593e-08,0.4560149,0.5213015854358674,12.523785579759805,3.087847,3.08784704208374
114,410,353,12.369317,14.03566837310791,11.872262031816373,0.44519815,0.5213015854358674,14.598736626393372,2.7212498,3.08784704208374
115,411,352,11.401754,14.03566837310791,18.765860890567886,0.443596,0.5213015854358674,14.906071778111174,2.508386,3.08784704208374
116,410,351,10.770329,14.03566837310791,23.264577208413904,0.44796,0.5213015854358674,14.06893951000372,2.3694725,3.08784704208374
117,409,350,10.770329,14.03566837310791,23.264577208413904,0.4545036,0.5213015854358674,12.813695601872588,2.3694725,3.08784704208374
118,408,349,10.0,14.03566837310791,28.752947654170036,0.46059608,0.5213015854358674,11.644988500444576,2.2,3.08784704208374
119,407,348,10.0,14.03566837310791,28.752947654170036,0.46710443,0.5213015854358674,10.396507692156865,2.2,3.08784704208374
120,406,347,8.485281,14.03566837310791,39.54487410936041,0.47533756,0.5213015854358674,8.817166663803377,1.8667618,3.08784704208374
121,405,346,9.219544,14.03566837310791,34.31346367657564,0.48186988,0.5213015854358674,7.564089463060797,2.0282998,3.08784704208374
122,405,345,9.899495,14.03566837310791,29.46901526448822,0.4824516,0.5213015854358674,7.4525011740974705,2.1778889,3.08784704208374
123,404,344,8.485281,14.03566837310791,39.54487410936041,0.47831526,0.5213015854358674,8.24596199697767,1.8667618,3.08784704208374
124,403,343,8.485281,14.03566837310791,39.54487410936041,0.47389954,0.5213015854358674,9.093018813967756,1.8667618,3.08784704208374
125,402,342,8.485281,14.03566837310791,39.54487410936041,0.47198,0.5213015854358674,9.461239014994405,1.8667618,3.08784704208374
126,401,341,9.219544,14.03566837310791,34.31346367657564,0.47252724,0.5213015854358674,9.356265186317492,2.0282998,3.08784704208374
127,400,341,10.0,14.03566837310791,28.752947654170036,0.47396883,0.5213015854358674,9.079727007428506,2.2,3.08784704208374
128,399,340,10.0,14.03566837310791,28.752947654170036,0.4746969,0.5213015854358674,8.940062992910647,2.2,3.08784704208374
129,398,340,10.0,14.03566837310791,28.752947654170036,0.47348082,0.5213015854358674,9.17334134380714,2.2,3.08784704208374
130,397,339,10.0,14.03566837310791,28.752947654170036,0.46988368,0.5213015854358674,9.863371902640782,2.2,3.08784704208374
131,396,338,10.0,14.03566837310791,28.752947654170036,0.46521917,0.5213015854358674,10.75815345123936,2.2,3.08784704208374
132,395,337,8.485281,14.03566837310791,39.54487410936041,0.46190906,0.5213015854358674,11.39312448801727,1.8667618,3.08784704208374
133,394,336,9.219544,14.03566837310791,34.31346367657564,0.46065268,0.5213015854358674,11.63413209587767,2.0282998,3.08784704208374
134,393,335,9.219544,14.03566837310791,34.31346367657564,0.46009687,0.5213015854358674,11.740752393493636,2.0282998,3.08784704208374
135,392,334,9.219544,14.03566837310791,34.31346367657564,0.45976603,0.5213015854358674,11.804215767425807,2.0282998,3.08784704208374
136,391,333,8.485281,14.03566837310791,39.54487410936041,0.45972347,0.5213015854358674,11.812379509248627,1.8667618,3.08784704208374
137,390,332,8.485281,13.939116573333742,39.12612079917616,0.4582879,0.5213015854358674,12.087762873117857,1.8667618,3.0666056461334232
138,389,331,9.899495,13.939116573333742,28.98046970456368,0.4530647,0.5213015854358674,13.089713542312087,2.1778889,3.0666056461334232
139,389,330,8.485281,13.939116573333742,39.12612079917616,0.44375226,0.5213015854358674,14.876098039751895,1.8667618,3.0666056461334232
140,388,329,8.485281,12.5252242088318,32.254458344602874,0.43322673,0.5213015854358674,16.895183480578314,1.8667618,2.755549325942996
141,387,328,9.899495,11.771161270141608,15.900437610028206,0.42508873,0.5213015854358674,18.456276144857252,2.1778889,2.589655479431154
142,386,328,9.219544,11.771161270141608,21.676849112081374,0.41982514,0.5213015854358674,19.465978938639537,2.0282998,2.589655479431154
143,385,327,8.485281,11.432048892974857,25.776376023089455,0.41526887,0.5213015854358674,20.33999668450669,1.8667618,2.5150507564544684
144,384,326,10.0,11.202481269836428,10.734061943944495,0.41099882,0.5213015854358674,21.15910926478113,2.2,2.4645458793640143
145,383,325,8.602325,11.202481269836428,23.21053501837469,0.40958744,0.5213015854358674,21.4298505009472,1.8925116,2.4645458793640143
146,382,324,8.602325,11.202481269836428,23.21053501837469,0.41338,0.5213015854358674,20.70233418921983,1.8925116,2.4645458793640143
147,381,324,8.602325,11.202481269836428,23.21053501837469,0.42164463,0.5213015854358674,19.116950391183774,1.8925116,2.4645458793640143
148,380,323,8.602325,11.202481269836428,23.21053501837469,0.4304972,0.5213015854358674,17.418783470822362,1.8925116,2.4645458793640143
149,379,322,8.602325,11.202481269836428,23.21053501837469,0.43485683,0.5213015854358674,16.58248587099651,1.8925116,2.4645458793640143
150,378,321,8.602325,11.202481269836428,23.21053501837469,0.43222785,0.5213015854358674,17.08679702026703,1.8925116,2.4645458793640143
151,377,320,8.602325,11.202481269836428,23.21053501837469,0.42579788,0.5213015854358674,18.320242365673767,1.8925116,2.4645458793640143
152,376,320,8.602325,11.202481269836428,23.21053501837469,0.42072645,0.5213015854358674,19.293082549320516,1.8925116,2.4645458793640143
153,375,319,8.602325,11.202481269836428,23.21053501837469,0.41823402,0.5213015854358674,19.771198835123137,1.8925116,2.4645458793640143
154,374,319,8.602325,11.202481269836428,23.21053501837469,0.41702816,0.5213015854358674,20.00251628724846,1.8925116,2.4645458793640143
155,373,318,10.0,11.202481269836428,10.734061943944495,0.41717273,0.5213015854358674,19.974783576056232,2.2,2.4645458793640143
156,372,317,10.0,11.202481269836428,10.734061943944495,0.42000723,0.5213015854358674,19.431048642744987,2.2,2.4645458793640143
157,371,317,10.0,11.202481269836428,10.734061943944495,0.42522165,0.5195798099040986,18.160475926295316,2.2,2.4645458793640143
158,370,316,10.0,11.202481269836428,10.734061943944495,0.42826644,0.5174105644226075,17.22889770092124,2.2,2.4645458793640143
159,369,316,10.0,11.202481269836428,10.734061943944495,0.42470488,0.5133927047252655,17.27485269252447,2.2,2.4645458793640143
160,368,315,10.0,11.202481269836428,10.734061943944495,0.41706842,0.510050630569458,18.22999744201441,2.2,2.4645458793640143
161,367,314,10.0,11.202481269836428,10.734061943944495,0.4113367,0.5026939511299134,18.173536586179395,2.2,2.4645458793640143
162,366,313,10.816654,11.202481269836428,3.444121573393033,0.4092524,0.4984382748603821,17.893063675623967,2.379664,2.4645458793640143
163,365,313,10.816654,11.202481269836428,3.444121573393033,0.4090648,0.49733321964740757,17.748347554172373,2.379664,2.4645458793640143
164,364,312,10.816654,11.202481269836428,3.444121573393033,0.40917498,0.49652041494846344,17.591511210131337,2.379664,2.4645458793640143
165,363,311,10.816654,11.202481269836428,3.444121573393033,0.4082712,0.49509237706661224,17.53636206702516,2.379664,2.4645458793640143
166,362,311,11.661903,11.427769279479982,-2.0488171045175863,0.40580764,0.49509237706661224,18.03395593836913,2.5656188,2.514109241485596
167,361,310,8.944272,11.202481269836428,20.15811660029483,0.4035154,0.49509237706661224,18.496949449546097,1.9677398,2.4645458793640143
168,360,310,10.29563,11.058858489990236,6.901508369727494,0.4042754,0.49509237706661224,18.34344496370428,2.2650387,2.432948867797852
169,359,309,8.944272,10.853022766113284,17.587272911593864,0.40931353,0.49509237706661224,17.325828386294283,1.9677398,2.3876650085449227
170,358,309,9.486833,10.853022766113284,12.588107346524612,0.41761845,0.49509237706661224,15.648379087988983,2.0871031,2.3876650085449227
171,357,309,10.29563,10.853022766113284,5.135825590663778,0.42683354,0.49509237706661224,13.787092802992584,2.2650387,2.3876650085449227
172,356,308,9.486833,10.853022766113284,12.588107346524612,0.43365142,0.49509237706661224,12.410000876164851,2.0871031,2.3876650085449227
173,355,308,8.246211,10.853022766113284,24.01922282803801,0.43565297,0.49509237706661224,12.005722033232303,1.8141664,2.3876650085449227
174,354,307,6.3245554,10.853022766113284,41.725401968624084,0.43363422,0.49509237706661224,12.413474155186488,1.3914021,2.3876650085449227
175,353,307,7.28011,10.853022766113284,32.92090109330896,0.4304655,0.49509237706661224,13.053502564156016,1.6016241,2.3876650085449227
176,352,306,6.3245554,10.816654205322266,41.52946677287067,0.4288106,0.49509237706661224,13.387762028267646,1.3914021,2.3796639251708984
177,351,306,6.3245554,10.816654205322266,41.52946677287067,0.4306963,0.48422244787216195,11.054041048519425,1.3914021,2.3796639251708984
178,350,306,5.3851647,10.816654205322266,50.21413617832866,0.4368865,0.48250955939292905,9.455373094258624,1.1847363,2.3796639251708984
179,349,306,5.3851647,10.816654205322266,50.21413617832866,0.4452351,0.48250955939292905,7.725124720545306,1.1847363,2.3796639251708984
180,348,305,5.3851647,10.816654205322266,50.21413617832866,0.45111665,0.48250955939292905,6.50617523209136,1.1847363,2.3796639251708984
181,347,305,4.472136,10.816654205322266,58.65508934985253,0.4518775,0.48250955939292905,6.3484885583296125,0.9838699,2.3796639251708984
182,346,304,4.472136,10.816654205322266,58.65508934985253,0.44986612,0.48250955939292905,6.765348382021519,0.9838699,2.3796639251708984
183,345,304,4.472136,10.816654205322266,58.65508934985253,0.44863018,0.48250955939292905,7.021495034883785,0.9838699,2.3796639251708984
184,344,303,4.472136,10.816654205322266,58.65508934985253,0.4486854,0.48192804753780366,6.897844891848037,0.9838699,2.3796639251708984
185,343,303,4.472136,10.816654205322266,58.65508934985253,0.4492219,0.4786707252264023,6.152209444410772,0.9838699,2.3796639251708984
186,342,302,4.472136,10.816654205322266,58.65508934985253,0.45032236,0.4758859068155289,5.371782629385846,0.9838699,2.3796639251708984
187,341,301,5.3851647,10.816654205322266,50.21413617832866,0.45173523,0.4753654062747955,4.970952274963336,1.1847363,2.3796639251708984
188,340,300,5.8309517,10.816654205322266,46.092834488376,0.4533919,0.47476097047328947,4.5010166700478305,1.2828094,2.3796639251708984
189,339,300,6.3245554,10.816654205322266,41.52946677287067,0.4567667,0.4740416407585144,3.6441852623515847,1.3914021,2.3796639251708984
190,338,300,7.2111025,10.816654205322266,33.33333633387397,0.46179897,0.473906472325325,2.554832408068808,1.5864426,2.3796639251708984
191,337,299,7.615773,10.816654205322266,29.592154381706205,0.46449482,0.47352269291877747,1.9065355163849773,1.6754701,2.3796639251708984
192,336,299,7.615773,10.774961948394775,29.319720752653623,0.46108398,0.4726225942373276,2.4414037160605084,1.6754701,2.3704916286468505
193,335,298,7.615773,10.770329475402832,29.289320152085175,0.45312858,0.4726225942373276,4.124649939267854,1.6754701,2.369472484588623
194,334,298,7.615773,10.343100357055668,26.36856522009442,0.44636127,0.4726225942373276,5.556511786515205,1.6754701,2.275482078552247
195,333,297,8.602325,10.29563045501709,16.44683180226355,0.44502214,0.4726225942373276,5.839853620393354,1.8925116,2.26503870010376
196,332,297,8.602325,10.029563045501712,14.230307024847678,0.4475323,0.4726225942373276,5.308740595911788,1.8925116,2.2065038700103767
197,331,296,10.0,10.0,1.000000082740371e-07,0.4483207,0.4726225942373276,5.141928719083266,2.2,2.2
198,330,295,8.602325,10.0,13.97674569149201,0.44501147,0.4726225942373276,5.842111073024503,1.8925116,2.2
199,329,295,10.0,10.0,1.000000082740371e-07,0.44096816,0.4726225942373276,6.697616257163064,2.2,2.2
200,328,294,10.0,10.0,1.000000082740371e-07,0.43981797,0.47203472852706907,6.825085288622546,2.2,2.2
201,327,293,10.0,10.0,1.000000082740371e-07,0.44116905,0.47009331285953526,6.152878191818423,2.2,2.2
202,326,292,10.0,10.0,1.000000082740371e-07,0.4419243,0.46568562090396887,5.102439404836067,2.2,2.2
203,325,292,10.0,10.0,1.000000082740371e-07,0.4399909,0.46456725895404816,5.290161982761877,2.2,2.2
204,324,292,10.816654,10.029563045501712,-7.84771126583419,0.43616712,0.4621676325798035,5.625777153315359,2.379664,2.2065038700103767
205,323,291,8.944272,10.029563045501712,10.820920195377571,0.43195575,0.46180997490882875,6.464613396740459,1.9677398,2.2065038700103767
206,322,290,9.486833,10.029563045501712,5.411306891286949,0.42667472,0.46115547716617583,7.477036379395329,2.0871031,2.2065038700103767
207,321,290,10.770329,10.29563045501709,-4.610684231516404,0.41873768,0.46069580912590025,9.107558103215363,2.3694725,2.26503870010376
208,320,289,10.770329,10.343100357055668,-4.130571039491726,0.41009086,0.46015244722366333,10.879349383686721,2.3694725,2.275482078552247
209,319,289,10.770329,10.770329475402832,9.284767399364569e-08,0.40676743,0.45979911386966704,11.533666158834189,2.3694725,2.369472484588623
210,318,289,10.198039,10.770329475402832,5.313583315235249,0.41187853,0.45972772836685183,10.408162954458145,2.2435687,2.369472484588623
211,317,289,10.198039,10.770329475402832,5.313583315235249,0.41993436,0.4584314525127411,8.397569426987284,2.2435687,2.369472484588623
212,316,288,10.198039,10.770329475402832,5.313583315235249,0.42394653,0.45691881477832796,7.21622602602946,2.2435687,2.369472484588623
213,315,288,10.198039,10.770329475402832,5.313583315235249,0.42556784,0.45372938811779023,6.206686775252246,2.2435687,2.369472484588623
214,314,288,10.198039,10.770329475402832,5.313583315235249,0.4303674,0.4531549096107483,5.028635559638072,2.2435687,2.369472484588623
215,313,288,12.649111,10.770329475402832,-17.444046732376073,0.43846723,0.4530710965394974,3.223306883978405,2.7828043,2.369472484588623
216,312,287,11.7046995,10.774961948394775,-8.628685293661299,0.44640622,0.4519962251186371,1.23674032104798,2.575034,2.3704916286468505
217,311,287,11.401754,10.816654205322266,-5.409252734744663,0.45146725,0.4517494559288025,0.06247270509502911,2.508386,2.3796639251708984
218,310,287,9.486833,10.816654205322266,12.294204567666933,0.45243663,0.4517494559288025,-0.15211086686592878,2.0871031,2.3796639251708984
219,309,286,8.944272,10.816654205322266,17.31017869970507,0.450952,0.4517494559288025,0.17652980767542958,1.9677398,2.3796639251708984
220,308,286,8.944272,10.816654205322266,17.31017869970507,0.4500979,0.4517494559288025,0.36559583248033656,1.9677398,2.3796639251708984
221,307,285,8.944272,10.816654205322266,17.31017869970507,0.45026532,0.4517494559288025,0.32853337645067926,1.9677398,2.3796639251708984
222,306,285,8.944272,10.816654205322266,17.31017869970507,0.44908148,0.4517494559288025,0.5905896136998878,1.9677398,2.3796639251708984
223,305,284,10.0,10.816654205322266,7.549970619985613,0.44485286,0.4517494559288025,1.526644228080809,2.2,2.3796639251708984
224,304,283,8.944272,10.816654205322266,17.31017869970507,0.43844828,0.4517494559288025,2.944372231940773,1.9677398,2.3796639251708984
225,303,283,10.0,10.816654205322266,7.549970619985613,0.43292513,0.4517494559288025,4.166984678746077,2.2,2.3796639251708984
226,302,282,10.0,10.816654205322266,7.549970619985613,0.4314767,0.4517494559288025,4.487609887983767,2.2,2.3796639251708984
227,301,282,10.0,10.816654205322266,7.549970619985613,0.43509468,0.4517494559288025,3.6867296637857816,2.2,2.3796639251708984
228,300,281,10.0,10.816654205322266,7.549970619985613,0.4423775,0.4517494559288025,2.0745919915851285,2.2,2.3796639251708984
229,299,281,8.602325,10.816654205322266,20.471476038611346,0.45038304,0.4517494559288025,0.30247486785025535,1.8925116,2.3796639251708984
230,298,280,10.0,10.816654205322266,7.549970619985613,0.4549913,0.451933416724205,-0.6766226903914596,2.2,2.3796639251708984
231,297,279,10.0,10.816654205322266,7.549970619985613,0.4534506,0.4525058209896088,-0.20878391343834846,2.2,2.3796639251708984
232,296,279,10.0,10.816654205322266,7.549970619985613,0.44757542,0.4525058209896088,1.0895795171536493,2.2,2.3796639251708984
233,295,278,10.0,10.816654205322266,7.549970619985613,0.44242653,0.4525058209896088,2.2274405747707338,2.2,2.3796639251708984
234,294,277,10.0,10.816654205322266,7.549970619985613,0.44204322,0.4525058209896088,2.3121505263999143,2.2,2.3796639251708984
235,293,276,10.0,10.816654205322266,7.549970619985613,0.44567886,0.4525058209896088,1.5087034404764665,2.2,2.3796639251708984
236,292,275,10.0,10.816654205322266,7.549970619985613,0.4471766,0.4525058209896088,1.1777142219197678,2.2,2.3796639251708984
237,291,275,10.0,10.816654205322266,7.549970619985613,0.4410389,0.4525058209896088,2.5340942878640638,2.2,2.3796639251708984
238,290,274,10.0,10.816654205322266,7.549970619985613,0.43048877,0.4525058209896088,4.865587190720378,2.2,2.3796639251708984
239,289,274,11.401754,10.816654205322266,-5.409252734744663,0.42472285,0.4525058209896088,6.1398061116970215,2.508386,2.3796639251708984
240,288,273,10.0,10.816654205322266,7.549970619985613,0.42701757,0.4525058209896088,5.63269237701004,2.2,2.3796639251708984
241,287,272,10.0,10.816654205322266,7.549970619985613,0.43188414,0.4525058209896088,4.557221101058584,2.2,2.3796639251708984
242,286,272,9.219544,10.816654205322266,14.765284835992299,0.43364015,0.4525058209896088,4.169157054262218,2.0282998,2.3796639251708984
243,285,271,9.219544,10.774961948394775,14.435480642021048,0.43248233,0.4525058209896088,4.425025629973134,2.0282998,2.3704916286468505
244,285,270,9.219544,10.770329475402832,14.398678116570762,0.43282765,0.4525058209896088,4.348712909593155,2.0282998,2.369472484588623
245,284,269,9.219544,10.770329475402832,14.398678116570762,0.4371005,0.4525058209896088,3.404449195168402,2.0282998,2.369472484588623
246,283,268,10.0,10.343100357055668,3.317190734690112,0.44246098,0.4525058209896088,2.2198270851047974,2.2,2.275482078552247
247,282,267,8.485281,10.343100357055668,17.961919642320378,0.44550565,0.4525058209896088,1.5469816428453687,1.8667618,2.275482078552247
248,281,266,10.0,10.343100357055668,3.317190734690112,0.447175,0.4525058209896088,1.1780698693609093,2.2,2.275482078552247
249,280,266,10.0,10.343100357055668,3.317190734690112,0.4506821,0.4525058209896088,0.40302847628278515,2.2,2.275482078552247
250,279,265,8.602325,10.343100357055668,16.830301029923046,0.456933,0.4531549096107483,-0.8337263855779709,1.8925116,2.275482078552247
251,278,265,10.0,10.255268096923833,2.4891412322169404,0.46404153,0.45339777767658235,-2.3475508038821813,2.2,2.256158981323243
252,277,264,8.602325,10.255268096923833,16.117985899897892,0.47019237,0.4536046624183655,-3.6568627682157295,1.8925116,2.256158981323243
253,276,264,10.0,10.255268096923833,2.4891412322169404,0.47456223,0.45516884922981266,-4.260697563753668,2.2,2.256158981323243
254,275,263,10.0,10.255268096923833,2.4891412322169404,0.47516695,0.45678332448005676,-4.024580316709714,2.2,2.256158981323243
255,274,262,10.0,10.255268096923833,2.4891412322169404,0.46900836,0.45734809041023256,-2.5495363186350595,2.2,2.256158981323243
256,273,261,7.2111025,10.255268096923833,29.683920396111642,0.45640093,0.45734809041023256,0.20710035263789006,1.5864426,2.256158981323243
257,272,260,8.602325,10.255268096923833,16.117985899897892,0.44255728,0.45734809041023256,3.234041007649946,1.8925116,2.256158981323243
258,271,260,8.602325,10.255268096923833,16.117985899897892,0.43322235,0.45734809041023256,5.275138768519572,1.8925116,2.256158981323243
259,270,259,8.602325,10.255268096923833,16.117985899897892,0.43123406,0.45734809041023256,5.709882400040955,1.8925116,2.256158981323243
260,269,258,8.602325,10.255268096923833,16.117985899897892,0.43651786,0.45734809041023256,4.554569249513607,1.8925116,2.256158981323243
261,268,258,8.602325,10.255268096923833,16.117985899897892,0.44539052,0.45734809041023256,2.6145463202964736,1.8925116,2.256158981323243
262,267,257,8.602325,10.255268096923833,16.117985899897892,0.4520295,0.45734809041023256,1.1629225034740842,1.8925116,2.256158981323243
263,266,257,8.602325,10.255268096923833,16.117985899897892,0.4537363,0.45734809041023256,0.7897256313465495,1.8925116,2.256158981323243
264,265,256,10.0,10.255268096923833,2.4891412322169404,0.45286044,0.45734809041023256,0.9812341238638056,2.2,2.256158981323243
265,264,255,10.0,10.255268096923833,2.4891412322169404,0.45255888,0.45734809041023256,1.0471728912863854,2.2,2.256158981323243
266,263,255,10.0,10.255268096923833,2.4891412322169404,0.45304906,0.45734809041023256,0.9399922561874052,2.2,2.256158981323243
267,262,254,10.0,10.255268096923833,2.4891412322169404,0.45198077,0.45734809041023256,1.1735767069265934,2.2,2.256158981323243
268,261,253,10.0,10.255268096923833,2.4891412322169404,0.44643232,0.45734809041023256,2.386754889049203,2.2,2.256158981323243
269,260,252,10.0,10.255268096923833,2.4891412322169404,0.43659124,0.45734809041023256,4.538526039177171,2.2,2.256158981323243
270,259,252,10.0,10.255268096923833,2.4891412322169404,0.42682087,0.456454136967659,6.492059049161458,2.2,2.256158981323243
271,258,251,10.0,10.255268096923833,2.4891412322169404,0.42048487,0.4551322728395462,7.61260263744793,2.2,2.256158981323243
272,257,250,10.29563,10.343100357055668,0.45895244514669864,0.4173693,0.4538618057966232,8.040445007491382,2.2650387,2.275482078552247
273,256,250,10.29563,10.343100357055668,0.45895244514669864,0.41669446,0.4538618057966232,8.189134270315234,2.2650387,2.275482078552247
274,255,250,9.486833,10.343100357055668,8.278637139301404,0.41865602,0.4538618057966232,7.756941257163696,2.0871031,2.275482078552247
275,254,249,8.944272,10.343100357055668,13.52426522119371,0.42423758,0.4538618057966232,6.527148937907867,1.9677398,2.275482078552247
276,253,249,9.486833,10.343100357055668,8.278637139301404,0.43398178,0.4538618057966232,4.380196541593118,2.0871031,2.275482078552247
277,252,249,9.219544,10.343100357055668,10.862854622669982,0.44427115,0.4538618057966232,2.1131252314452675,2.0282998,2.275482078552247
278,251,248,9.486833,10.343100357055668,8.278637139301404,0.44813782,0.4538618057966232,1.2611759417518131,2.0871031,2.275482078552247
279,250,248,8.944272,10.343100357055668,13.52426522119371,0.44317016,0.4538618057966232,2.355707259201034,1.9677398,2.275482078552247
280,249,247,9.486833,10.343100357055668,8.278637139301404,0.4342816,0.4538618057966232,4.314138690329738,2.0871031,2.275482078552247
281,248,247,10.29563,10.343100357055668,0.45895244514669864,0.42606768,0.4538618057966232,6.123920256955417,2.2650387,2.275482078552247
282,247,247,11.661903,10.770329475402832,-8.278055904911596,0.41726637,0.4538618057966232,8.063125307517593,2.5656188,2.369472484588623
283,246,246,11.661903,10.770329475402832,-8.278055904911596,0.40655082,0.4538618057966232,10.42409594898418,2.5656188,2.369472484588623
284,245,245,12.529964,10.770329475402832,-16.337800658777503,0.39794776,0.4538618057966232,12.319621394516133,2.7565923,2.369472484588623
285,244,245,11.661903,10.8334719657898,-7.646961264211516,0.39521384,0.4538618057966232,12.921988888119152,2.5656188,2.383363832473756
286,243,244,13.038404,11.401754379272461,-14.354370560631335,0.39605087,0.4538618057966232,12.737565348299729,2.868449,2.5083859634399412
287,242,244,11.661903,11.427769279479982,-2.0488171045175863,0.39589283,0.4538618057966232,12.77238689752932,2.5656188,2.514109241485596
288,241,243,11.661903,11.661903381347656,8.57493076544813e-08,0.39336842,0.4538618057966232,13.328592691889629,2.5656188,2.5656187438964846
289,240,243,10.816654,11.661903381347656,7.247952222383436,0.38977832,0.4538618057966232,14.119605912028,2.379664,2.5656187438964846
290,239,242,11.661903,11.661903381347656,8.57493076544813e-08,0.38672158,0.4538618057966232,14.793100507508239,2.5656188,2.5656187438964846
291,238,241,10.816654,11.661903381347656,7.247952222383436,0.385455,0.4538618057966232,15.072165380355408,2.379664,2.5656187438964846
292,237,241,11.661903,11.661903381347656,8.57493076544813e-08,0.38606963,0.4538618057966232,14.936746785265465,2.5656188,2.5656187438964846
293,236,240,10.816654,11.661903381347656,7.247952222383436,0.38748127,0.4538618057966232,14.625716741449112,2.379664,2.5656187438964846
294,235,239,10.816654,11.661903381347656,7.247952222383436,0.3889178,0.4538618057966232,14.309203764650158,2.379664,2.5656187438964846
295,234,239,11.661903,11.661903381347656,8.57493076544813e-08,0.39011657,0.4538618057966232,14.045077421785512,2.5656188,2.5656187438964846
296,233,238,11.661903,11.661903381347656,8.57493076544813e-08,0.39031157,0.4538618057966232,14.002113552917095,2.5656188,2.5656187438964846
297,232,238,11.661903,11.661903381347656,8.57493076544813e-08,0.3893294,0.4538618057966232,14.218515396479326,2.5656188,2.5656187438964846
298,231,237,11.661903,11.661903381347656,8.57493076544813e-08,0.38952208,0.4538618057966232,14.176063705781727,2.5656188,2.5656187438964846
299,230,236,11.661903,11.661903381347656,8.57493076544813e-08,0.392617,0.4538618057966232,13.494157568803633,2.5656188,2.5656187438964846
300,229,236,11.661903,11.661903381347656,8.57493076544813e-08,0.39529514,0.4538618057966232,12.904075784913726,2.5656188,2.5656187438964846
301,228,235,11.661903,11.661903381347656,8.57493076544813e-08,0.39439756,0.4538618057966232,13.101842222721928,2.5656188,2.5656187438964846
302,227,234,12.806249,11.661903381347656,-9.812680101237392,0.39354807,0.4538618057966232,13.289010512226051,2.8173747,2.5656187438964846
303,226,234,11.401754,11.661903381347656,2.2307594510533213,0.396238,0.4538618057966232,12.696335005547965,2.508386,2.5656187438964846
304,225,233,11.401754,11.661903381347656,2.2307594510533213,0.39693055,0.4538618057966232,12.54374530896164,2.508386,2.5656187438964846
305,224,232,10.630146,11.661903381347656,8.847246715333135,0.387806,0.4538618057966232,14.55416939081633,2.338632,2.5656187438964846
306,223,231,11.313708,11.661903381347656,2.9857483320184897,0.37198776,0.4538618057966232,18.039423648347874,2.4890158,2.5656187438964846
307,222,230,10.630146,11.661903381347656,8.847246715333135,0.36219364,0.4538618057966232,20.19737474256185,2.338632,2.5656187438964846
308,221,229,11.313708,11.661903381347656,2.9857483320184897,0.364629,0.4538618057966232,19.66078931197639,2.4890158,2.5656187438964846
309,220,228,11.313708,11.661903381347656,2.9857483320184897,0.37174648,0.4538618057966232,18.092585115925242,2.4890158,2.5656187438964846
310,219,227,11.313708,11.661903381347656,2.9857483320184897,0.37473193,0.45347916185855863,17.365129125047762,2.4890158,2.5656187438964846
311,218,226,11.313708,11.661903381347656,2.9857483320184897,0.37388188,0.4531177878379822,17.486826107337215,2.4890158,2.5656187438964846
312,217,225,10.630146,11.661903381347656,8.847246715333135,0.37328994,0.4531177878379822,17.61746183387207,2.338632,2.5656187438964846
313,216,224,10.630146,11.661903381347656,8.847246715333135,0.37375963,0.4531177878379822,17.51380565371955,2.338632,2.5656187438964846
314,215,223,11.313708,11.661903381347656,2.9857483320184897,0.37279016,0.4531177878379822,17.727760954503914,2.4890158,2.5656187438964846
315,214,222,11.313708,11.661903381347656,2.9857483320184897,0.36929098,0.4531177878379822,18.500006073808994,2.4890158,2.5656187438964846
316,213,221,11.313708,11.661903381347656,2.9857483320184897,0.36716402,0.4531177878379822,18.969412033282683,2.4890158,2.5656187438964846
317,213,220,11.313708,11.661903381347656,2.9857483320184897,0.37103677,0.4531177878379822,18.11472210317736,2.4890158,2.5656187438964846
318,212,219,11.313708,11.661903381347656,2.9857483320184897,0.37968534,0.4531177878379822,16.206040874249595,2.4890158,2.5656187438964846
319,211,219,10.630146,11.661903381347656,8.847246715333135,0.38765788,0.4531177878379822,14.44655614218604,2.338632,2.5656187438964846
320,210,218,10.630146,11.661903381347656,8.847246715333135,0.39178887,0.4531177878379822,13.534875044503202,2.338632,2.5656187438964846
321,209,217,10.0,11.661903381347656,14.250704499753242,0.3929434,0.4531177878379822,13.280075525524227,2.2,2.5656187438964846
322,208,216,11.401754,11.661903381347656,2.2307594510533213,0.39255688,0.4531177878379822,13.365381404748721,2.508386,2.5656187438964846
323,207,215,12.806249,11.661903381347656,-9.812680101237392,0.39015394,0.4531177878379822,13.895691947230816,2.8173747,2.5656187438964846
324,206,215,11.401754,11.661903381347656,2.2307594510533213,0.38462964,0.4531177878379822,15.11486884024935,2.508386,2.5656187438964846
325,205,214,11.401754,11.661903381347656,2.2307594510533213,0.376277,0.4531177878379822,16.95823878307847,2.508386,2.5656187438964846
326,204,213,11.401754,11.661903381347656,2.2307594510533213,0.36682257,0.4531177878379822,19.044766656125788,2.508386,2.5656187438964846
327,203,212,11.401754,11.661903381347656,2.2307594510533213,0.3587776,0.4531177878379822,20.82023390835246,2.508386,2.5656187438964846
328,202,211,10.0,11.661903381347656,14.250704499753242,0.355501,0.4531177878379822,21.54336073112334,2.2,2.5656187438964846
329,201,211,10.0,11.661903381347656,14.250704499753242,0.35841322,0.4531177878379822,20.900652951164954,2.2,2.5656187438964846
330,200,210,10.0,11.661903381347656,14.250704499753242,0.3628339,0.4528793066740036,19.882875198776794,2.2,2.5656187438964846
331,199,209,10.0,11.661903381347656,14.250704499753242,0.36193246,0.45258903205394746,20.030662949582357,2.2,2.5656187438964846
332,198,208,10.0,11.661903381347656,14.250704499753242,0.3557511,0.452082434296608,21.308358311543873,2.2,2.5656187438964846
333,197,207,10.0,11.661903381347656,14.250704499753242,0.3507604,0.4519856423139572,22.39567815935599,2.2,2.5656187438964846
334,196,206,11.313708,11.661903381347656,2.9857483320184897,0.34993446,0.44852211475372317,21.980558055023756,2.4890158,2.5656187438964846
335,195,205,10.630146,11.661903381347656,8.847246715333135,0.3499071,0.44660287201404575,21.651401212935205,2.338632,2.5656187438964846
336,194,204,10.630146,11.661903381347656,8.847246715333135,0.34745818,0.4454947024583817,22.006216000179556,2.338632,2.5656187438964846
337,193,203,11.401754,11.661903381347656,2.2307594510533213,0.3423195,0.4454947024583817,23.15969663559806,2.508386,2.5656187438964846
338,192,202,12.806249,11.661903381347656,-9.812680101237392,0.33611226,0.4454947024583817,24.55303027869692,2.8173747,2.5656187438964846
339,191,201,11.401754,11.661903381347656,2.2307594510533213,0.3321957,0.4454947024583817,25.432179120202424,2.508386,2.5656187438964846
340,191,200,12.806249,11.661903381347656,-9.812680101237392,0.33332565,0.4454947024583817,25.178538611857437,2.8173747,2.5656187438964846
341,190,199,12.806249,11.661903381347656,-9.812680101237392,0.33795303,0.44448726475238803,23.967895087357803,2.8173747,2.5656187438964846
342,190,198,12.727922,11.748709487915047,-8.334642556562667,0.3420442,0.4432802587747574,22.83793604914607,2.800143,2.5847160873413104
343,189,197,12.727922,12.549760246276858,-1.4196461100460356,0.34294844,0.4372491300106049,21.566812749193097,2.800143,2.7609472541809086
344,188,196,12.727922,12.727922439575195,7.856741923717436e-08,0.33861902,0.4345125526189804,22.069221308473608,2.800143,2.800142936706543
345,187,195,14.142136,12.727922439575195,-11.111107693692702,0.32888395,0.4340117573738098,24.222343571007197,3.1112697,2.800142936706543
346,186,194,12.806249,12.735755062103273,-0.5535093314340989,0.3185643,0.42753696441650396,25.488480568608228,2.8173747,2.80186611366272
347,185,194,13.038404,12.806248664855957,-1.8128321240672207,0.31380284,0.4261429995298386,26.3620823742439,2.868449,2.8173747062683105
348,184,193,14.422205,12.806248664855957,-12.618498496209263,0.31696677,0.4244205892086029,25.31776905491846,3.1728852,2.8173747062683105
349,183,193,13.416408,12.806248664855957,-4.764540544071139,0.3261971,0.42086014151573187,22.492759984536892,2.9516096,2.8173747062683105
350,182,192,13.928389,12.806248664855957,-8.762440502411373,0.33707157,0.41883890628814696,19.522385655795848,3.0642455,2.8173747062683105
351,181,192,15.231546,12.806248664855957,-18.93839319146955,0.34535936,0.41749797761440277,17.278797633336474,3.3509402,2.8173747062683105
352,180,192,16.155495,12.829464244842532,-25.924936295320755,0.34922576,0.4174053341150284,16.334142715243694,3.5542088,2.822482133865357
353,179,191,19.924858,13.03840446472168,-52.81668958722066,0.3494181,0.4174053341150284,16.288061803390974,4.3834686,2.8684489822387698
354,178,191,20.880613,13.07620477676392,-59.6840495199515,0.34992144,0.40762237906456,14.155491821549493,4.5937347,2.8767650508880624
355,177,191,0.0,13.07620477676392,100.0,0.35590634,0.39880806505680094,10.757489690014943,0.0,2.8767650508880624
356,176,190,0.0,13.07620477676392,100.0,0.3677324,0.3970322668552399,7.379720214381003,0.0,2.8767650508880624
357,175,190,0.0,13.07620477676392,100.0,0.380714,0.39630725383758547,3.934640111109111,0.0,2.8767650508880624
358,174,190,0.0,13.07620477676392,100.0,0.391284,0.39606958329677583,1.2082736027032581,0.0,2.8767650508880624
359,173,190,0.0,13.07620477676392,100.0,0.39974838,0.39606958329677583,-0.92882455963057,0.0,2.8767650508880624
360,172,189,0.0,13.07620477676392,100.0,0.40765235,0.39606958329677583,-2.9244241868620735,0.0,2.8767650508880624
361,171,189,0.0,13.07620477676392,100.0,0.41462195,0.39606958329677583,-4.684115168917979,0.0,2.8767650508880624
362,170,189,0.0,13.07620477676392,100.0,0.41956744,0.39606958329677583,-5.932756030948405,0.0,2.8767650508880624
363,169,189,0.0,13.07620477676392,100.0,0.42417035,0.39606958329677583,-7.094902574393314,0.0,2.8767650508880624
364,168,189,0.0,13.07620477676392,100.0,0.43218502,0.39606958329677583,-9.11845578088062,0.0,2.8767650508880624
365,167,190,0.0,13.07620477676392,100.0,0.44520262,0.39630725383758547,-12.33773878538078,0.0,2.8767650508880624
366,166,190,0.0,13.07620477676392,100.0,0.46090227,0.39721232950687413,-16.034228500336244,0.0,2.8767650508880624
367,165,190,0.0,13.07620477676392,100.0,0.47648728,0.400538781285286,-18.961581076653488,0.0,2.8767650508880624
368,164,190,0.0,13.07620477676392,100.0,0.49222013,0.40834930837154393,-20.538987430158805,0.0,2.8767650508880624
369,163,190,0.0,13.07620477676392,100.0,0.509063,0.41511649787425997,-22.63135668928502,0.0,2.8767650508880624
370,162,191,0.0,13.07620477676392,100.0,0.52484536,0.42002772688865664,-24.954929309519326,0.0,2.8767650508880624
371,161,191,0.0,13.07620477676392,100.0,0.5362556,0.4249718129634858,-26.18615378514475,0.0,2.8767650508880624
372,160,191,0.0,13.07620477676392,100.0,0.5428365,0.4334867835044862,-25.225611351323796,0.0,2.8767650508880624
373,159,192,0.0,13.07620477676392,100.0,0.54688257,0.4467725843191148,-22.407367135699108,0.0,2.8767650508880624
374,158,192,0.0,13.07620477676392,100.0,0.55173486,0.46246077418327347,-19.30414071457973,0.0,2.8767650508880624
375,157,192,0.0,13.07620477676392,100.0,0.5601509,0.4780605643987657,-17.17153669265292,0.0,2.8767650508880624
376,156,193,0.0,13.07620477676392,100.0,0.5724075,0.493904420733452,-15.894381268160696,0.0,2.8767650508880624
377,155,193,0.0,13.07620477676392,100.0,0.58627474,0.5106412410736085,-14.811473191308643,0.0,2.8767650508880624
378,154,194,0.0,13.07620477676392,100.0,0.5981446,0.525986385345459,-13.71864294356766,0.0,2.8767650508880624
379,153,194,0.0,13.07620477676392,100.0,0.6048121,0.5369136869907379,-12.64605261857248,0.0,2.8767650508880624
380,152,195,0.0,13.07620477676392,100.0,0.60606813,0.5432410955429078,-11.56521995922326,0.0,2.8767650508880624
381,151,195,0.0,13.07620477676392,100.0,0.6052296,0.547367799282074,-10.57091884138719,0.0,2.8767650508880624
382,150,196,0.0,13.07620477676392,100.0,0.6059296,0.5525764703750611,-9.655339058609357,0.0,2.8767650508880624
383,149,197,0.0,13.07620477676392,100.0,0.607776,0.561376577615738,-8.265289219833472,0.0,2.8767650508880624
384,148,197,0.0,13.07620477676392,100.0,0.60688555,0.5737942099571229,-5.76710801507565,0.0,2.8767650508880624
385,147,198,0.0,13.07620477676392,100.0,0.6016348,0.5874617278575899,-2.412593308325106,0.0,2.8767650508880624
386,146,198,0.0,13.07620477676392,100.0,0.5954108,0.5956842005252838,0.04589456937615921,0.0,2.8767650508880624
387,145,199,0.0,13.07620477676392,100.0,0.5932614,0.5956842005252838,0.40672385732219984,0.0,2.8767650508880624
388,144,199,0.0,13.07620477676392,100.0,0.5970268,0.5971386015415192,0.018720375501901643,0.0,2.8767650508880624
389,143,200,0.0,13.07620477676392,100.0,0.60362583,0.5984936118125915,-0.8575216156948784,0.0,2.8767650508880624
390,142,200,0.0,13.07620477676392,100.0,0.6087434,0.6018339037895203,-1.1480767760216448,0.0,2.8767650508880624
391,141,201,0.0,13.07620477676392,100.0,0.611497,0.6037444591522216,-1.2840723522176578,0.0,2.8767650508880624
392,140,200,0.0,13.07620477676392,100.0,0.6133438,0.6048538386821747,-1.4036327302359153,0.0,2.8767650508880624
393,140,199,0.0,13.07620477676392,100.0,0.6137228,0.6052996158599854,-1.3915712134372038,0.0,2.8767650508880624
394,139,198,0.0,13.07620477676392,100.0,0.6092191,0.6059434652328491,-0.5405783130447261,0.0,2.8767650508880624
395,139,197,0.0,13.07620477676392,100.0,0.59723884,0.6059434652328491,1.4365426670971737,0.0,2.8767650508880624
396,138,196,0.0,13.07620477676392,100.0,0.5801481,0.6059434652328491,4.257059516973982,0.0,2.8767650508880624
397,138,195,0.0,13.07620477676392,100.0,0.56446534,0.6059434652328491,6.845214607638317,0.0,2.8767650508880624
398,138,194,0.0,13.07620477676392,100.0,0.55611145,0.6059434652328491,8.223872738297233,0.0,2.8767650508880624
399,137,193,0.0,13.07620477676392,100.0,0.5574869,0.6059434652328491,7.996881799528833,0.0,2.8767650508880624
400,137,192,0.0,13.07620477676392,100.0,0.5675365,0.6059434652328491,6.338380315731495,0.0,2.8767650508880624
401,136,191,0.0,13.07620477676392,100.0,0.5826394,0.6059434652328491,3.8459163263125706,0.0,2.8767650508880624
402,136,190,0.0,13.07620477676392,100.0,0.59790176,0.6059434652328491,1.3271392513846458,0.0,2.8767650508880624
403,135,189,0.0,13.07620477676392,100.0,0.60954916,0.6061498761177063,-0.5607983655823379,0.0,2.8767650508880624
404,135,188,0.0,13.07620477676392,100.0,0.61649346,0.606974595785141,-1.5682464538662844,0.0,2.8767650508880624
405,134,187,0.0,13.07620477676392,100.0,0.61964035,0.6078727304935455,-1.9358673393870207,0.0,2.8767650508880624
406,134,186,0.0,13.07620477676392,100.0,0.62032574,0.6087909936904907,-1.894696273705554,0.0,2.8767650508880624
407,133,185,0.0,13.07620477676392,100.0,0.61946815,0.6092520833015442,-1.676819716143374,0.0,2.8767650508880624
408,132,184,56.35601,13.46760568618775,-318.45604711284585,0.617175,0.6097439467906952,-1.2187125679792077,12.398322,2.9628732509613047
409,132,183,54.708317,13.94976329803467,-292.180968199425,0.6129303,0.6116403162479401,-0.21090362231928061,12.03583,3.0689479255676275
410,131,182,51.884487,14.170142555236819,-266.1536001718589,0.6069029,0.6116403162479401,0.7745448896512297,11.414587,3.1174313621521
411,131,181,50.24938,14.50313911437989,-246.47242761310966,0.6002875,0.6116403162479401,1.8561283023919684,11.054863,3.1906906051635757
412,130,180,46.957428,15.323941230773933,-206.4317934969062,0.59402305,0.6116403162479401,2.880332871165625,10.330634,3.371267070770265
413,130,179,46.238514,16.532431030273468,-179.6836946356823,0.58849454,0.6116403162479401,3.7842153294669,10.172473,3.637134826660163
414,129,178,43.382023,20.02043361663819,-116.6887274606483,0.5849149,0.6116403162479401,4.36946394585388,9.544045,4.404495395660402
415,129,177,42.154476,23.00799961090106,-83.21660666004735,0.58505046,0.6116403162479401,4.34730370618317,9.273985,5.061759914398233
416,128,176,38.910152,39.23458480834964,0.8269040810524153,0.58743083,0.6116403162479401,3.958125460145634,8.560233,8.63160865783692
417,128,175,39.0,39.315447616577174,0.8023503371329621,0.5845408,0.6116403162479401,4.43063361358168,8.58,8.649398475646978
418,128,174,35.77709,39.315447616577174,8.99992159545463,0.56760055,0.6116403162479401,7.20027377049095,7.8709593,8.649398475646978
419,127,173,35.468296,39.315447616577174,9.785343440808536,0.53589326,0.6116403162479401,12.384249625912814,7.8030252,8.649398475646978
420,127,172,34.176014,39.315447616577174,13.072301068167725,0.49851552,0.6116403162479401,18.495315771991194,7.518723,8.649398475646978
421,126,171,33.526108,39.315447616577174,14.725356540459822,0.46621946,0.6116403162479401,23.775553213810273,7.375744,8.649398475646978
422,126,170,31.622776,39.315447616577174,19.566536970782956,0.44366485,0.6116403162479401,27.463113570993393,6.9570107,8.649398475646978
423,125,169,29.410883,39.315447616577174,25.192552227365727,0.4287176,0.6116403162479401,29.906908550299562,6.470394,8.649398475646978
424,125,168,29.614185,39.315447616577174,24.67544662207327,0.41803724,0.6116403162479401,31.653094507148715,6.5151205,8.649398475646978
425,125,167,28.160255,39.315447616577174,28.373560185303294,0.41147852,0.6116403162479401,32.72541037902453,6.195256,8.649398475646978
426,125,166,26.476404,39.315447616577174,32.65648545696457,0.40951577,0.6116403162479401,33.04630994465187,5.824809,8.649398475646978
427,125,165,27.073973,39.315447616577174,31.13655233134264,0.4095955,0.6116403162479401,33.03327594264677,5.956274,8.649398475646978
428,125,164,25.079872,39.315447616577174,36.2086059160275,0.4078298,0.6116403162479401,33.321958378831994,5.517572,8.649398475646978
429,125,163,25.0,39.315447616577174,36.41176303662369,0.40248808,0.6116403162479401,34.19529985598639,5.5,8.649398475646978
430,124,162,23.0,39.315447616577174,41.4988219936938,0.3950127,0.6116403162479401,35.41748482456221,5.06,8.649398475646978
431,124,161,19.0,39.315447616577174,51.672939907834014,0.38951,0.6116403162479401,36.31714767698071,4.18,8.649398475646978
432,125,160,17.0,39.315447616577174,56.759998864904105,0.3895432,0.6116403162479401,36.31171968511765,3.74,8.649398475646978
433,124,159,15.0,39.315447616577174,61.84705782197422,0.39396033,0.6116403162479401,35.589543396077595,3.3,8.649398475646978
434,125,158,15.0,39.315447616577174,61.84705782197422,0.39921576,0.6116403162479401,34.73030787623338,3.3,8.649398475646978
435,125,157,14.142136,39.315447616577174,64.02906116079134,0.40406653,0.6116403162479401,33.93723148880976,3.1112697,8.649398475646978
436,125,156,12.165525,39.315447616577174,69.05662743064511,0.40863082,0.6116403162479401,33.190994675694505,2.6764157,8.649398475646978
437,125,155,12.0,39.315447616577174,69.47764625757938,0.41263127,0.6116403162479401,32.53694114629301,2.6399999,8.649398475646978
438,125,154,11.045361,39.315447616577174,71.90579980140197,0.41544396,0.6116403162479401,32.07708206545704,2.4299793,8.649398475646978
439,125,153,10.0,39.315447616577174,74.56470521464948,0.41575634,0.6116403162479401,32.02600826769355,2.2,8.649398475646978
440,125,152,10.0,39.315447616577174,74.56470521464948,0.41347805,0.6116403162479401,32.39849811864046,2.2,8.649398475646978
441,125,151,10.0,39.315447616577174,74.56470521464948,0.41210917,0.6116403162479401,32.62230289624708,2.2,8.649398475646978
442,125,150,11.045361,39.315447616577174,71.90579980140197,0.41633067,0.6116403162479401,31.932109855491664,2.4299793,8.649398475646978
443,125,149,11.045361,39.315447616577174,71.90579980140197,0.4265099,0.6116403162479401,30.267860264144396,2.4299793,8.649398475646978
444,126,148,12.165525,39.315447616577174,69.05662743064511,0.43692437,0.6116403162479401,28.565146967440803,2.6764157,8.649398475646978
445,126,147,13.152946,39.315447616577174,66.54509291844715,0.44153833,0.6116403162479401,27.810787656627433,2.8936481,8.649398475646978
446,126,146,13.601471,39.315447616577174,65.4042576941918,0.44054878,0.6116403162479401,27.972574947310402,2.9923236,8.649398475646978
447,126,145,12.649111,39.315447616577174,67.82661381803369,0.4394135,0.6116403162479401,28.158188880911094,2.7828043,8.649398475646978
448,126,144,13.416408,39.315447616577174,65.87497181114486,0.44306242,0.6116403162479401,27.561606773434832,2.9516096,8.649398475646978
449,127,143,14.764823,39.315447616577174,62.44523755614344,0.45097706,0.6116403162479401,26.267605671942007,3.248261,8.649398475646978
450,127,142,14.422205,39.315447616577174,63.31669650998939,0.45737588,0.6116403162479401,25.22143089193809,3.1728852,8.649398475646978
451,128,141,14.422205,39.315447616577174,63.31669650998939,0.45664495,0.6116403162479401,25.340934418359318,3.1728852,8.649398475646978
452,129,140,15.6205,39.315447616577174,60.2687987702283,0.44671804,0.6116403162479401,26.963933220557024,3.4365098,8.649398475646978
453,130,139,14.21267,39.315447616577174,63.8496540565262,0.42862839,0.6116403162479401,29.921496887497035,3.1267874,8.649398475646978
454,131,138,14.21267,39.315447616577174,63.8496540565262,0.4060082,0.6116403162479401,33.61977679773106,3.1267874,8.649398475646978
455,132,137,12.806249,39.315447616577174,67.42692901148872,0.384211,0.6116403162479401,37.18350682707967,2.8173747,8.649398475646978
456,133,136,14.21267,39.315447616577174,63.8496540565262,0.36898878,0.6116403162479401,39.67226058638619,3.1267874,8.649398475646978
457,134,135,14.422205,39.315447616577174,63.31669650998939,0.36405984,0.6116403162479401,40.47811760456097,3.1728852,8.649398475646978
458,134,134,15.264338,39.315447616577174,61.174707497532886,0.3672851,0.6116403162479401,39.95080329989007,3.3581543,8.649398475646978
459,135,133,14.422205,39.315447616577174,63.31669650998939,0.372051,0.6116403162479401,39.17160386114327,3.1728852,8.649398475646978
460,135,132,14.764823,39.315447616577174,62.44523755614344,0.3741661,0.6116403162479401,38.8257959522449,3.248261,8.649398475646978
461,136,131,14.764823,39.315447616577174,62.44523755614344,0.37379012,0.6116403162479401,38.887267716467775,3.248261,8.649398475646978
462,136,130,15.231546,39.315447616577174,61.25811272289562,0.37166587,0.6116403162479401,39.234571490269154,3.3509402,8.649398475646978
463,136,129,14.3178215,39.315447616577174,63.58219893951627,0.36785808,0.6116403162479401,39.85712415127332,3.1499207,8.649398475646978
464,137,128,15.231546,39.315447616577174,61.25811272289562,0.36286986,0.6116403162479401,40.67267261991094,3.3509402,8.649398475646978
465,137,127,14.3178215,39.315447616577174,63.58219893951627,0.35731387,0.6116403162479401,41.58104754544537,3.1499207,8.649398475646978
466,138,126,14.56022,39.315447616577174,62.965651814512746,0.35134616,0.6116403162479401,42.55673639161542,3.2032483,8.649398475646978
467,138,125,14.3178215,39.315447616577174,63.58219893951627,0.34539035,0.6116403162479401,43.53048110066396,3.1499207,8.649398475646978
468,138,124,13.928389,39.315447616577174,64.57273301864814,0.34145895,0.6116403162479401,44.17324499169322,3.0642455,8.649398475646978
469,139,123,13.601471,39.315447616577174,65.4042576941918,0.3435396,0.6116403162479401,43.83306972067069,2.9923236,8.649398475646978
470,139,122,14.56022,39.315447616577174,62.965651814512746,0.35450298,0.6116403162479401,42.040614274834496,3.2032483,8.649398475646978
471,139,121,13.601471,39.315447616577174,65.4042576941918,0.37114894,0.6098872780799866,39.144666374422634,2.9923236,8.649398475646978
472,140,120,13.928389,39.315447616577174,64.57273301864814,0.38560387,0.6092520833015442,36.708649972426564,3.0642455,8.649398475646978
473,140,119,13.928389,39.315447616577174,64.57273301864814,0.39272162,0.6071345150470734,35.31555084075517,3.0642455,8.649398475646978
474,140,118,14.3178215,39.315447616577174,63.58219893951627,0.3919552,0.6009490370750428,34.77729954557904,3.1499207,8.649398475646978
475,140,117,14.764823,39.315447616577174,62.44523755614344,0.38473344,0.6009490370750428,35.979025116287744,3.248261,8.649398475646978
476,141,116,14.422205,39.315447616577174,63.31669650998939,0.37516972,0.6009490370750428,37.570460249161684,3.1728852,8.649398475646978
477,142,115,13.416408,39.315447616577174,65.87497181114486,0.36884436,0.6009490370750428,38.62302271575365,2.9516096,8.649398475646978
478,142,114,14.422205,39.315447616577174,63.31669650998939,0.36797157,0.6009490370750428,38.76825812592597,3.1728852,8.649398475646978
479,143,113,14.422205,39.315447616577174,63.31669650998939,0.3711286,0.6009490370750428,38.24291914243988,3.1728852,8.649398475646978
480,144,112,13.038404,39.315447616577174,66.83643389091736,0.3749648,0.6009490370750428,37.60455977386103,2.868449,8.649398475646978
481,145,111,12.529964,39.315447616577174,68.1296660640047,0.37408826,0.6009490370750428,37.75042004443358,2.7565923,8.649398475646978
482,145,110,12.529964,39.315447616577174,68.1296660640047,0.36622688,0.6009490370750428,39.058580169984815,2.7565923,8.649398475646978
483,146,109,13.928389,39.315447616577174,64.57273301864814,0.35723707,0.5946494936943054,39.92476768592065,3.0642455,8.649398475646978
484,147,108,16.552946,39.315447616577174,57.897093661707466,0.35404325,0.5890473902225495,39.895627214076534,3.641648,8.649398475646978
485,146,107,18.973665,39.315447616577174,51.73992315274927,0.35753655,0.5875372052192688,39.146568919363645,4.1742063,8.649398475646978
486,146,106,17.262676,39.315447616577174,56.09187410766212,0.36687398,0.5852885007858276,37.31741306934177,3.7977889,8.649398475646978
487,147,105,13.152946,39.315447616577174,66.54509291844715,0.38230512,0.5849284768104553,34.640708380264876,2.8936481,8.649398475646978
488,146,104,10.198039,38.919137191772464,73.79685217069468,0.40160125,0.5845781981945037,31.300679821713405,2.2435687,8.562210182189942
489,147,103,9.0,36.090394592285186,75.0626168010085,0.42018884,0.569294571876526,26.191315079987277,1.98,7.939886810302741
490,147,102,8.246211,35.499175262451175,76.77069681576428,0.43518344,0.5390639901161196,19.270543834361177,1.8141664,7.809818557739258
491,147,101,8.246211,34.30524215698243,75.96224212089194,0.44531393,0.5022532910108569,11.336783727410793,1.8141664,7.547153274536135
492,147,100,7.28011,33.59109840393067,78.32726458466873,0.44875875,0.4694490611553195,4.407362006373649,1.6016241,7.390041648864748
493,148,99,7.28011,31.813109207153335,77.11600638384202,0.445773,0.4582602411508561,2.724924458091549,1.6016241,6.998884025573734
494,148,98,8.246211,29.81504440307619,72.34211380773822,0.44068012,0.45671804547309874,3.5115623010484653,1.8141664,6.559309768676762
495,148,97,7.28011,29.431213188171387,75.26398305997436,0.4374827,0.45154384672641756,3.1140146995559337,1.6016241,6.474866901397705
496,149,96,8.246211,28.285318183898937,70.84632035810154,0.43696263,0.4489805817604065,2.6767209220019628,1.8141664,6.222770000457766
497,149,95,8.246211,27.18260097503663,69.66364235534246,0.43845263,0.44692210853099823,1.895070068072302,1.8141664,5.980172214508059
498,149,94,9.219544,26.53616104125977,65.25667600186698,0.43986994,0.44586750864982605,1.3451480805494853,2.0282998,5.83795542907715
499,149,93,9.219544,25.21952533721925,63.442831362715836,0.4370488,0.4453598380088806,1.8661437951776438,2.0282998,5.548295574188235
500,149,92,13.0,25.007987213134765,48.01660811801054,0.4277496,0.44382975697517396,3.623047435061588,2.86,5.501757186889648
501,150,91,12.369317,23.200000000000017,46.68397823527188,0.41561815,0.4431226670742035,6.206977677037817,2.7212498,5.104000000000004
502,150,90,10.770329,19.400000000000034,44.4828377842727,0.40669706,0.44169074296951294,7.922667181984345,2.3694725,4.268000000000008
503,151,89,9.486833,18.97629871368408,50.006938882802366,0.40247095,0.44169074296951294,8.879471982124409,2.0871031,4.174785717010498
504,151,88,7.28011,17.433775138854994,58.24134577740683,0.39885083,0.44169074296951294,9.699076621437664,1.6016241,3.835430530548099
505,152,87,7.615773,17.02626762390137,55.27044819955233,0.391567,0.44169074296951294,11.34815724044429,1.6754701,3.745778877258301
506,152,86,7.28011,16.59765148162842,56.13771089225062,0.38065246,0.44169074296951294,13.819237800086748,1.6016241,3.6514833259582526
507,153,85,7.28011,15.713744258880624,53.670431707532565,0.37042478,0.44169074296951294,16.13481269893566,1.6016241,3.457023736953737
508,153,84,8.246211,15.299953746795657,46.10303283904852,0.365593,0.44169074296951294,17.2287434392982,1.8141664,3.3659898242950446
509,153,83,8.246211,15.23482551574707,45.872625597157615,0.36692852,0.44169074296951294,16.926375444455445,1.8141664,3.3516616134643558
510,154,82,7.28011,15.231546401977539,52.203737654438555,0.37189883,0.44169074296951294,15.80108312508617,1.6016241,3.3509402084350586
511,154,81,8.246211,15.023154640197756,45.10999025206487,0.37767065,0.44169074296951294,14.494328175379678,1.8141664,3.3050940208435065
512,154,80,7.28011,15.0,51.46593414999114,0.38161606,0.44169074296951294,13.601076454556416,1.6016241,3.3
513,155,79,7.28011,14.788340663909914,50.77128636075749,0.3824103,0.44169074296951294,13.421260172170513,1.6016241,3.253434946060181
514,155,78,7.28011,14.764822959899902,50.69287388547612,0.38165575,0.44169074296951294,13.59208901410095,1.6016241,3.2482610511779786
515,155,77,8.246211,14.764822959899902,44.14961108066152,0.3809437,0.44169074296951294,13.753302914102694,1.8141664,3.2482610511779786
516,155,76,7.28011,14.764822959899902,50.69287388547612,0.3797548,0.44169074296951294,14.022467309484998,1.6016241,3.2482610511779786
517,155,75,7.28011,14.764822959899902,50.69287388547612,0.3796321,0.44169074296951294,14.050252804827023,1.6016241,3.2482610511779786
518,156,74,7.28011,14.764822959899902,50.69287388547612,0.3843065,0.44169074296951294,12.991954701885877,1.6016241,3.2482610511779786
519,156,73,7.28011,14.764822959899902,50.69287388547612,0.39266434,0.44169074296951294,11.099713888334295,1.6016241,3.2482610511779786
520,156,72,7.28011,14.764822959899902,50.69287388547612,0.39735812,0.44169074296951294,10.037030022408121,1.6016241,3.2482610511779786
521,157,71,7.28011,14.764822959899902,50.69287388547612,0.39300454,0.44169074296951294,11.022693142989636,1.6016241,3.2482610511779786
522,157,70,7.28011,14.764822959899902,50.69287388547612,0.3827152,0.44169074296951294,13.352228262786259,1.6016241,3.2482610511779786
523,157,69,8.246211,14.764822959899902,44.14961108066152,0.37425104,0.44169074296951294,15.268536794134114,1.8141664,3.2482610511779786
524,157,68,7.28011,14.764822959899902,50.69287388547612,0.37197563,0.44169074296951294,15.783695261682473,1.6016241,3.2482610511779786
525,158,67,7.28011,14.764822959899902,50.69287388547612,0.37349725,0.44091834723949436,15.291064306254377,1.6016241,3.2482610511779786
526,158,66,8.246211,14.764822959899902,44.14961108066152,0.37305346,0.44091834723949436,15.391714772579624,1.8141664,3.2482610511779786
527,158,65,8.246211,14.764822959899902,44.14961108066152,0.36926153,0.44091834723949436,16.251721671603146,1.8141664,3.2482610511779786
528,158,64,8.246211,14.764822959899902,44.14961108066152,0.36679193,0.43995095789432526,16.628906277789955,1.8141664,3.2482610511779786
529,158,63,7.28011,14.764822959899902,50.69287388547612,0.36866122,0.4385943621397019,15.944834621670678,1.6016241,3.2482610511779786
530,159,62,8.0,14.764822959899902,45.817162750213214,0.37236136,0.4375797063112259,14.904336718478394,1.76,3.2482610511779786
531,159,61,7.28011,14.764822959899902,50.69287388547612,0.3746388,0.4370921850204468,14.288381233818214,1.6016241,3.2482610511779786
532,159,60,7.28011,14.764822959899902,50.69287388547612,0.3763467,0.43697125017642974,13.873807812417006,1.6016241,3.2482610511779786
533,159,59,7.28011,14.764822959899902,50.69287388547612,0.38065735,0.43697125017642974,12.887326982822355,1.6016241,3.2482610511779786
534,159,58,7.28011,14.764822959899902,50.69287388547612,0.38653564,0.43697125017642974,11.542089890492125,1.6016241,3.2482610511779786
535,159,57,7.0,14.764822959899902,52.59001740643656,0.3877372,0.43697125017642974,11.267112988454686,1.54,3.2482610511779786
536,160,56,7.0,14.764822959899902,52.59001740643656,0.38018945,0.43697125017642974,12.994404153366224,1.54,3.2482610511779786
537,160,55,8.0,14.764822959899902,45.817162750213214,0.36710396,0.43697125017642974,15.988991142775177,1.76,3.2482610511779786
538,160,54,8.0,14.580680084228517,45.132874815855494,0.35602373,0.43697125017642974,18.524680844283225,1.76,3.207749618530274
539,160,53,8.0,14.580680084228517,45.132874815855494,0.35284597,0.43697125017642974,19.251905337324736,1.76,3.207749618530274
540,160,52,8.0,14.560219764709473,45.05577440599019,0.3584956,0.43697125017642974,17.95899965452209,1.76,3.203248348236084
541,160,51,8.0,14.436006450653077,44.58301177818894,0.3688231,0.43697125017642974,15.59556779355078,1.76,3.175921419143677
542,160,50,8.0,14.422204971313477,44.52997991385216,0.37692612,0.43697125017642974,13.741209446193192,1.76,3.172885093688965
543,160,49,8.0,14.422204971313477,44.52997991385216,0.3782331,0.43697125017642974,13.442109489874632,1.76,3.172885093688965
544,160,48,8.0,14.422204971313477,44.52997991385216,0.37368166,0.43697125017642974,14.483697551188667,1.76,3.172885093688965
545,160,47,8.0,14.422204971313477,44.52997991385216,0.36633727,0.43697125017642974,16.16444765802433,1.76,3.172885093688965
546,160,46,8.0,14.32825984954834,44.16628342576572,0.35818768,0.43697125017642974,18.029465981022685,1.76,3.152217166900635
547,160,45,8.0,14.32825984954834,44.16628342576572,0.3525543,0.43697125017642974,19.318654653765044,1.76,3.152217166900635
548,160,44,8.0,14.32825984954834,44.16628342576572,0.35400078,0.43697125017642974,18.987629332139743,1.76,3.152217166900635
549,160,43,8.0,14.32825984954834,44.16628342576572,0.36231175,0.43697125017642974,17.085679615606676,1.76,3.152217166900635
550,160,42,8.0,13.967331886291507,42.72349179212893,0.37155136,0.43697125017642974,14.971212406452771,1.76,3.0728130149841317
551,160,41,7.0,13.967331886291507,49.88305531811281,0.3774254,0.43697125017642974,13.626950603000743,1.54,3.0728130149841317
552,160,40,7.28011,13.967331886291507,47.877590821138206,0.3808962,0.43697125017642974,12.832663064229422,1.6016241,3.0728130149841317
553,160,39,7.28011,13.967331886291507,47.877590821138206,0.3832758,0.43697125017642974,12.288097219691462,1.6016241,3.0728130149841317
554,159,38,6.3245554,13.46760568618775,53.038754328663096,0.3836002,0.43697125017642974,12.21385932151503,1.3914021,2.9628732509613047
555,159,37,6.3245554,13.179292583465578,52.011419792216564,0.38199392,0.43697125017642974,12.581454565971939,1.3914021,2.899444368362427
556,159,36,6.3245554,13.04985866546631,51.5354491238757,0.37971368,0.43697125017642974,13.103281857223703,1.3914021,2.870968906402588
557,158,35,6.3245554,13.003840446472168,51.36394192005114,0.37745017,0.43697125017642974,13.62128301518406,1.3914021,2.8608448982238768
558,158,34,6.3245554,12.57696800231934,49.7131948587395,0.3779033,0.43697125017642974,13.517581844603189,1.3914021,2.766932960510255
559,158,33,6.3245554,12.529964447021484,49.524554369429474,0.38385856,0.43697125017642974,12.154734990849757,1.3914021,2.7565921783447265
560,158,32,6.3245554,12.385381793975831,48.93532151747275,0.39143136,0.43697125017642974,10.421714856304021,1.3914021,2.724783994674683
561,157,31,7.28011,10.930228233337417,33.39471308119876,0.39390734,0.43697125017642974,9.85509247867441,1.6016241,2.4046502113342316
562,157,30,6.3245554,10.255268096923833,38.32871719108276,0.39061904,0.43697125017642974,10.607613100731683,1.3914021,2.256158981323243
563,156,29,6.3245554,9.557953262329107,33.82939613919553,0.38429108,0.43697125017642974,12.055753400015156,1.3914021,2.1027497177124035
564,156,28,6.3245554,9.24627323150635,31.598869816621054,0.3753676,0.43697125017642974,14.097871906931514,1.3914021,2.034180110931397
565,155,27,6.3245554,9.219544410705566,31.40056483886786,0.3652762,0.43697125017642974,16.40727412809082,1.3914021,2.0282997703552246
566,155,26,6.3245554,9.021954441070559,29.898167505343487,0.359171,0.43697125017642974,17.804433417831923,1.3914021,1.9848299770355229
567,154,25,5.3851647,8.321589946746833,35.28682901113957,0.36156255,0.43697125017642974,17.257132672313823,1.1847363,1.8307497882843033
568,154,24,6.3245554,8.246211051940918,23.303498424583434,0.37239003,0.43697125017642974,14.779285103505313,1.3914021,1.814166431427002
569,154,23,6.3245554,8.246211051940918,23.303498424583434,0.38748148,0.43697125017642974,11.325637141348754,1.3914021,1.814166431427002
570,153,22,6.3245554,8.246211051940918,23.303498424583434,0.40188304,0.43697125017642974,8.029870034027875,1.3914021,1.814166431427002
571,152,21,5.8309517,8.246211051940918,29.28932273410194,0.41219848,0.4286709070205689,3.842675680244323,1.2828094,1.814166431427002
572,152,20,6.3245554,8.246211051940918,23.303498424583434,0.41541243,0.4168312966823579,0.34039686192911534,1.3914021,1.814166431427002
573,152,19,5.8309517,8.246211051940918,29.28932273410194,0.41101962,0.4154329985380173,1.06235786943778,1.2828094,1.814166431427002
574,151,18,5.8309517,8.246211051940918,29.28932273410194,0.40592018,0.4125198781490326,1.5998526714699701,1.2828094,1.814166431427002
575,150,17,5.3851647,8.246211051940918,34.69528372180781,0.40784776,0.4111375093460083,0.8001598208288385,1.1847363,1.814166431427002
576,149,16,4.472136,8.246211051940918,45.76738350415458,0.4141911,0.4111375093460083,-0.7427144279976927,0.9838699,1.814166431427002
577,149,15,5.3851647,8.246211051940918,34.69528372180781,0.41653094,0.4111375093460083,-1.3118281248027719,1.1847363,1.814166431427002
578,148,14,4.472136,8.246211051940918,45.76738350415458,0.41162446,0.41108010709285736,-0.13241806084469676,0.9838699,1.814166431427002
579,148,13,5.3851647,8.246211051940918,34.69528372180781,0.40146917,0.40816494822502136,1.640461054503184,1.1847363,1.814166431427002
580,148,12,5.3851647,8.246211051940918,34.69528372180781,0.38842994,0.40681213438510894,4.518597807849789,1.1847363,1.814166431427002
581,148,11,7.2111025,8.246211051940918,12.552535564625067,0.37415168,0.40599786639213564,7.843932530361942,1.5864426,1.814166431427002
582,148,10,10.0,8.246211051940918,-21.267815301907756,0.35890263,0.4028158694505692,10.901567813143497,2.2,1.814166431427002
583,147,9,7.071068,8.246211051940918,14.250705482254912,0.34094566,0.4022867500782013,15.248102870279512,1.5556349,1.814166431427002
584,146,9,6.4031243,8.246211051940918,22.35071010999725,0.31883717,0.4022867500782013,20.743808279810118,1.4086874,1.814166431427002
585,145,8,3.6055512,8.246211051940918,56.27626778231254,0.29445297,0.4022867500782013,26.805206017142414,0.7932213,1.814166431427002
586,144,8,3.1622777,8.246211051940918,61.65174921229172,0.27244794,0.4022867500782013,32.27519005734186,0.69570106,1.814166431427002
587,143,7,2.0,8.246211051940918,75.74643693961845,0.2557221,0.4022867500782013,36.43288050211447,0.44,1.814166431427002
588,142,7,2.0,8.024621105194093,75.0767049149133,0.24460535,0.4022867500782013,39.196271966145936,0.44,1.7654166431427005
589,141,7,2.0,8.0,75.00000003125,0.23958637,0.4022867500782013,40.44388431859167,0.44,1.76
590,140,7,0.0,8.0,100.0,0.23909895,0.4022867500782013,40.56504589561101,0.0,1.76
